agent_id,day,policy_id,reasoning
1923.0,0,ClimatePolicyID(1),"I broadly support the transition away from fossil fuels because I care about the natural world and the wellbeing of all living things, but large-scale wind parks do give me some pause — they can disrupt ecosystems, affect wildlife like birds and bats, and impose significant industrial infrastructure on landscapes. My belief that no single species, including humans, should dominate the planet makes me cautious about framing renewable energy as an unambiguously ""green"" solution when it still involves human industry reshaping natural environments at scale. So while I'd rather see renewables than continued reliance on fossil fuels, I stop short of enthusiastic support because I think the specific methods and their ecological trade-offs deserve more critical scrutiny than they often receive."
1923.0,1,ClimatePolicyID(1),"Her Green Party voting history and general care for the natural world push her toward supporting renewable expansion over continued fossil fuel reliance. However, her deep commitment to the equal value of all lifeforms — including birds, bats, and the ecosystems disrupted by large industrial infrastructure — means she can't simply treat wind parks as a straightforwardly positive policy, especially living in Wales where onshore wind development is a visible and contested reality. Her critical, skeptical disposition also makes her wary of narratives that present renewables as a clean, simple solution without honestly reckoning with the ecological trade-offs involved."
1923.0,2,ClimatePolicyID(1),"Living in Wales, where onshore wind farms are a visible and sometimes contentious part of the landscape, this person would have a tangible, local connection to the trade-offs involved — not just an abstract policy position. Her Green Party vote and broadly left-wing outlook push her toward supporting the energy transition, but her deep belief that humans shouldn't dominate nature, combined with genuine concern for wildlife and ecosystems, makes her uncomfortable with framing large-scale wind infrastructure as straightforwardly ""green."" She'd likely land on cautious, qualified support — preferring renewables over fossil fuels in principle, but troubled by the ecological costs and resistant to the uncritical enthusiasm she associates with techno-optimist solutions that still involve significant industrial imposition on the natural world."
1923.0,0,ClimatePolicyID(2),"I broadly agree that moving away from fossil fuels is the right direction for the planet, and the idea that no single species should dominate or degrade the Earth resonates with me on a deeper level. However, I'm conscious that an outright ban on new licenses could have real economic consequences for working people and communities that depend on those industries, and I don't think the transition has been managed fairly enough yet to simply pull the rug out. So while I support the principle, I have enough hesitation about the practicalities and the impact on ordinary households — including my own income bracket — that I can't commit to strong support."
1923.0,1,ClimatePolicyID(2),"Supporting factors include her Green Party voting history and her deep belief that no single species — including humans — should dominate or degrade the planet, which aligns naturally with cutting off new fossil fuel extraction. Her left-leaning, anti-tradition outlook also makes her receptive to bold structural policy change rather than incremental tinkering. However, her left-wing concern for working-class communities and economic fairness creates genuine tension, as she'd worry that an abrupt ban without a robust, fairly managed transition would disproportionately hurt ordinary workers and households in fossil-fuel-dependent regions — a concern that carries particular weight given Wales's industrial history. Overall, she likely lands at **slight-to-moderate support**: backing the principle while feeling uneasy enough about the uneven economic consequences to stop short of enthusiastic endorsement."
1923.0,2,ClimatePolicyID(2),"As a Green voter who believes no single species should dominate the planet and broadly supports moving away from fossil fuels, she has a principled inclination toward supporting this ban. However, living in Wales — where communities have historically depended on extractive industries and where energy costs hit working households hard — she is wary of policies that feel abrupt or insufficiently paired with a fair economic transition. The tension between her environmental values and her concern for economic justice for ordinary people pulls her toward moderate rather than strong support."
1923.0,0,ClimatePolicyID(3),"I broadly support moving away from petrol cars because I do care about the natural world and recognise that transport emissions are a real problem, and as someone who voted Green and Remain, I'm generally in favour of ambitious environmental policy. However, my support is only slight because I'm wary of top-down government mandates that could disproportionately burden people on lower incomes who can't easily afford electric vehicles, which feels at odds with my belief that society should actively work to equalise conditions rather than create new inequalities. The 2030 deadline also feels like it could be driven more by political optics than by a genuinely well-thought-out plan that ensures the necessary infrastructure and affordability are actually in place first."
1923.0,1,ClimatePolicyID(3),"My Green voting history and general care for the natural world mean I'm broadly sympathetic to the direction of this policy — phasing out petrol cars is clearly necessary for reducing emissions, and I wouldn't want to oppose something that aligns with environmental goals I do hold. However, my strong belief in equalising conditions makes me uneasy about a blanket ban that could disadvantage lower-income people who can't afford the transition to electric vehicles, and my scepticism of authority means I'm wary of top-down government timelines that may be driven more by political signalling than genuine readiness. On balance, I'd give this only slight support — I want the outcome but have real reservations about whether the 2030 deadline is fair and properly thought through."
1923.0,2,ClimatePolicyID(3),"As a Green voter who genuinely cares about the natural world and supported progressive EU environmental standards, there's an intuitive pull toward backing a firm deadline that forces the market away from fossil fuels — the direction of travel feels right. However, living in Wales where rural infrastructure and public transport are often limited, and holding a belief that society should actively equalise conditions rather than create new burdens, she'd be uneasy about a blanket ban that effectively prices out lower-income households who can't afford EVs or who rely heavily on personal vehicles where alternatives don't exist. Her scepticism of top-down authority also means she'd question whether the 2030 target is a genuinely well-resourced plan or political performance, leaving her with only slight, cautious support rather than wholehearted enthusiasm."
1923.0,0,ClimatePolicyID(4),"I broadly like the environmental intent behind this policy, and I can see how energy-efficient homes could help equalise living costs for people on lower incomes by reducing energy bills. However, my slight rather than strong support comes from a degree of unease about heavy top-down government mandates — I'm generally sceptical of authorities dictating rigid requirements, and I worry that poorly designed regulations could push up house prices and make new homes less accessible for those who need them most. It feels like the right general direction, but I'd want the details to be carefully thought through rather than just imposed wholesale."
1923.0,1,ClimatePolicyID(4),"As a Green voter with left-leaning values, this persona would be drawn to the environmental and social equity dimensions — non-fossil fuel heating and solar panels could reduce energy bills and help lower-income households, which aligns with her belief in equalising conditions. However, her scepticism of top-down authority and concern about rigid mandates would temper her enthusiasm, particularly around the risk that mandating specific technologies like rooftop solar could significantly increase build costs and make new homes even less affordable for those who need them. Much like her earlier reasoning on energy efficiency standards, she'd likely see this as broadly moving in the right direction but feel uneasy about the prescriptive, one-size-fits-all nature of the mandate."
1923.0,2,ClimatePolicyID(4),"As a Green voter who broadly cares about environmental outcomes and reducing inequality in living costs, this person would find the direction of this policy appealing — cutting fossil fuel dependency and lowering energy bills aligns with values she holds. However, her strong scepticism of authority and top-down mandates means the word ""mandate"" sits uncomfortably, and she'd worry that adding these requirements to new builds could drive up purchase prices and ultimately disadvantage the people she'd most want to help — those on lower incomes trying to get onto the housing ladder. The comprehensive nature of the requirements (heating system, solar panels, *and* insulation together) might feel overly prescriptive, reinforcing her ambivalence even while she agrees with the underlying goal."
1923.0,0,ClimatePolicyID(5),"While I appreciate that carbon fee and dividend tries to address climate change while redistributing wealth back to the public — both things that resonate with my values around equality — I find myself uncertain about whether this market-based mechanism genuinely delivers on those promises in practice. I'm skeptical that putting a price on carbon truly shifts corporate behaviour enough, and I worry that even with dividends, the policy may not adequately equalise conditions across different communities in the way I'd want. My curiosity draws me to the idea as an interesting approach worth exploring, but my scepticism of top-down government solutions makes me hesitant to fully endorse it without stronger evidence it works as intended."
1923.0,1,ClimatePolicyID(5),"Her Green voting history and left-wing values around equalising conditions would draw her toward supporting a policy that both addresses fossil fuel use and redistributes revenue back to the public — the dividend element particularly aligns with her belief in active societal efforts to level the playing field. However, her scepticism of authority and top-down mechanisms, combined with doubt that market-based pricing truly shifts corporate behaviour enough, tempers her enthusiasm, as she'd question whether this approach genuinely delivers systemic change or merely papers over deeper structural problems. The result is a cautious, lukewarm leaning toward support rather than strong endorsement — she finds it an interesting and worth-exploring idea, but remains unconvinced it's the transformative solution the climate and equality challenges actually demand."
1923.0,2,ClimatePolicyID(5),"As a Green voter with left-leaning values, the redistribution element of carbon fee and dividend appeals to her sense of equalising conditions — returning revenue directly to the public rather than letting government or corporations absorb it aligns with her egalitarian instincts. However, her deep scepticism of authority and market-based mechanisms makes her wary that simply pricing carbon does enough to constrain corporate behaviour or genuinely level the playing field across different communities. She'd likely land on cautious, lukewarm support — finding the idea intellectually interesting given her curiosity and openness to new approaches, but ultimately unconvinced it's sufficiently transformative to address the structural inequalities she cares about."
1923.0,0,ClimatePolicyID(6),"While I broadly care about fairness and recognise that wealthier nations have historically contributed more to climate change, leaving others to bear disproportionate consequences, I find myself genuinely uncertain about whether direct government compensation is the most effective mechanism to address this. I'm not sure the specifics of how such schemes would work in practice — who decides the amounts, how funds are distributed, and whether they reach those most affected — have been convincingly resolved. At the same time, I'm aware that my hesitation isn't rooted in indifference, but rather in a desire to see tangible, well-designed solutions rather than policies that may be more symbolic than substantive."
1923.0,1,ClimatePolicyID(6),"This person's left-wing, Green-voting, internationalist outlook and belief in equalising conditions across groups would pull them toward supporting climate compensation in principle, as they recognise wealthier nations' historical responsibility for disproportionate harm. However, their skepticism of authority and institutions raises genuine doubts about whether governments would implement such schemes effectively or whether the funds would reach those most affected. The result is likely lukewarm or conditional support — sympathetic to the moral case but unconvinced by top-down governmental mechanisms as the best vehicle for delivering it."
1923.0,2,ClimatePolicyID(6),"Her left-wing political identity, Green party voting history, and cosmopolitan Remain-voting outlook all incline her toward sympathy with the climate justice framing underlying this policy — she recognises that wealthier nations bear historical responsibility for emissions while poorer nations bear disproportionate consequences, which aligns with her belief in equalising conditions across groups. However, her values don't place environmental activism or global equality as a *primary* driving force in her life, and her deep scepticism of authority and institutions extends to questioning whether government-administered compensation schemes would actually be effective or reach those most affected, rather than becoming bureaucratic or politically captured. This tension between moral intuition and practical scepticism likely places her in ambivalent, mildly supportive territory — sympathetic to the principle but genuinely uncertain about this specific policy mechanism."
528.0,0,ClimatePolicyID(1),"As someone who is deeply committed to protecting the environment and caring for nature, accelerating renewable energy feels like one of the most urgent and concrete steps we can take to address the climate crisis and preserve ecosystems for future generations. I also believe strongly in equal opportunities, and transitioning away from fossil fuels can reduce energy costs and improve energy security in ways that benefit everyone, not just the wealthy few. Having voted Remain and holding broadly progressive values, I see this as part of a wider cooperative, forward-thinking approach to global challenges that transcends narrow national interests."
528.0,1,ClimatePolicyID(1),"This person's deep environmental values, left-wing political identity, and support for Labour and Remain all strongly align with accelerating renewable energy — they likely see climate action as both morally urgent and part of a progressive, internationally cooperative vision. As a young, highly educated person in the North West (a region with significant wind energy potential), they may also feel a regional connection to the benefits of offshore and onshore wind development. A potential minor tension could arise if they weigh biodiversity concerns about wind farms on natural landscapes or habitats, given their belief that all lifeforms deserve equal treatment — but for someone with this profile, this is unlikely to outweigh their overriding support for decarbonisation."
528.0,2,ClimatePolicyID(1),"This person's deep commitment to environmental protection and nature, combined with their left-wing political identity and Remain vote, strongly predisposes them toward supporting renewable energy expansion as a critical response to the climate crisis. Their young age means they have a personal stake in long-term environmental outcomes, and their university education likely reinforces familiarity with the scientific consensus on climate change. While someone with their profile could theoretically have reservations about landscape impacts or the pace of transition relative to deeper systemic change (e.g., feeling renewables don't go far enough), these concerns would most likely push them toward *stronger* support rather than opposition, making strong support for this policy the overwhelmingly probable position."
528.0,0,ClimatePolicyID(2),"As someone who deeply cares about protecting the natural environment and believes all lifeforms deserve equal consideration, I see continuing to issue new fossil fuel licenses as fundamentally incompatible with the urgent action needed to address the climate crisis. With a higher education that has shaped my understanding of the science, and coming of age during a period of growing climate awareness, I find it unconscionable that governments would expand the very industries driving ecological destruction. Banning new licenses sends a clear signal that we are serious about transitioning to a sustainable future, and I believe the short-term economic arguments for continued extraction simply don't outweigh the long-term harm to people, ecosystems, and future generations."
528.0,1,ClimatePolicyID(2),"Given their strong environmental values, left-wing political alignment, and Labour/Remain voting history, this person is very likely to support banning new fossil fuel licenses, viewing it as essential to addressing the climate crisis and protecting ecosystems they deeply care about. Their higher education likely means they are well-versed in climate science, reinforcing a sense of urgency around phasing out fossil fuel extraction. A potential counterpoint might be concerns about energy security or job losses in working-class communities in the North West, but their commitment to equal opportunity and environmental protection would likely lead them to support a managed transition rather than continued extraction."
528.0,2,ClimatePolicyID(2),"Given this person's strong environmental values, left-wing politics, and belief that all lifeforms deserve equal consideration, they would be powerfully drawn to support a ban on new oil/gas/coal licenses as a necessary step toward addressing the climate crisis. Their higher education likely means they are well-acquainted with the scientific consensus on climate change, reinforcing their conviction that continued fossil fuel expansion is incompatible with a liveable future. While their relatively comfortable income could theoretically make them more sensitive to energy price stability concerns, their value profile suggests this would be far outweighed by their ecological commitments, leaving them as a strong supporter of this policy."
528.0,0,ClimatePolicyID(3),"As someone who deeply cares about protecting the environment and responding to the climate crisis, I believe banning new petrol car sales by 2030 is an essential step toward preserving the natural world for future generations. The urgency of climate change demands bold, decisive government action rather than leaving it to market forces alone, and this policy sends a clear signal that we are serious about transition. With a decent household income and living in a region that has historically suffered from poor air quality, I also recognise that cleaner transport is both an environmental and a public health necessity."
528.0,1,ClimatePolicyID(3),"This person's strong environmental values and left-wing political identity create a powerful pull toward supporting this policy, as government-led intervention on climate aligns closely with their worldview that systemic action is needed rather than relying on individual consumer choice. Their high income also means the financial burden of transitioning to an EV is less likely to be a personal deterrent. However, living in the North West — where car dependency outside major urban centres is higher than in London — combined with an egalitarian concern that the policy could disadvantage lower-income households who cannot afford EVs, might introduce some hesitation about the pace or implementation rather than the principle itself."
528.0,2,ClimatePolicyID(3),"This person's deep environmental commitments, left-wing political orientation, and Remain-leaning worldview all point strongly toward supporting this policy, as they are likely to see bold government intervention on climate as both necessary and overdue. However, their strong belief in equal opportunities and skepticism of top-down authority could generate some tension — they may worry that a hard ban without sufficient infrastructure investment or financial support disproportionately burdens lower-income households who cannot afford EVs, and their anti-authoritarian streak might make them prefer incentive-led transitions over outright prohibitions. On balance, though, their environmental values and trust in collective action are likely to outweigh these reservations, placing them in fairly strong support of the policy."
528.0,0,ClimatePolicyID(4),"As someone who is deeply committed to protecting the environment and responding to the climate crisis, I believe that building homes without these features is simply locking in decades of unnecessary carbon emissions, and government mandates are the most effective way to ensure developers don't cut corners for short-term profit. I also see this as a matter of equality — energy-efficient, low-carbon homes reduce household bills, which disproportionately benefits lower-income people, so embedding these standards into all new developments helps level the playing field rather than making green living a luxury. Given that the market alone has consistently failed to drive this transition at the pace the climate emergency demands, I think bold regulatory intervention is not just justified but essential."
528.0,1,ClimatePolicyID(4),"This person's strong environmental values, left-wing political identity, and belief that market failures require bold regulatory intervention would push them firmly toward supporting this mandate, as they'd see it as essential for meeting climate targets while also reducing energy costs for lower-income households. Their higher educational attainment means they're likely well-informed about the urgency of decarbonising housing stock and the systemic failure of voluntary approaches. A minor tension might arise from their skepticism of top-down authority, but given that this mandate targets developers (a corporate actor) rather than individuals, and aligns so closely with their core values around environmental protection and equality, this is unlikely to generate significant internal resistance."
528.0,2,ClimatePolicyID(4),"This person's strong environmental values, left-wing politics, and belief in regulatory intervention to address market failures all push them firmly toward supporting this policy, as they see mandatory green building standards as essential to meeting climate targets and reducing inequality in energy costs. Their university-level education and relatively comfortable income mean they're likely well-informed about the climate science and less personally worried about the potential upward pressure on house prices or development costs that might concern others. A modest counterforce might be some skepticism about top-down mandates given their general wariness of authority, but in this case the target is corporate developers rather than individuals, which aligns with their values, making strong support the most likely outcome."
528.0,0,ClimatePolicyID(5),"As someone deeply committed to protecting the environment and responding to the climate crisis, I see a carbon tax as a necessary economic signal that makes the true cost of fossil fuels visible and discourages their use. What makes the fee-and-dividend model particularly compelling to me is that it distributes the revenues equally to everyone, meaning lower-income households — who contribute least to emissions but suffer most from climate impacts — actually come out ahead financially. This approach aligns with my belief that society should actively work to equalize conditions, tackling the environmental crisis without placing an unfair burden on those least responsible for it."
528.0,1,ClimatePolicyID(5),"Given their strong environmental values, left-wing political identity, and belief in equalizing societal conditions, this person would likely find the fee-and-dividend model particularly appealing — it addresses the climate crisis while ensuring the burden falls proportionally on heavier emitters rather than on lower-income groups. Their graduate-level education likely means they've encountered the economic arguments for carbon pricing and understand why a dividend mechanism addresses the regressive concerns that often make left-leaning voters skeptical of straightforward carbon taxes. A potential tension is that, at £60-69k, they sit above the median income and might personally net-lose from the scheme, but their stated values around helping others and equalizing conditions would likely override self-interest."
528.0,2,ClimatePolicyID(5),"This person's strong environmental values and left-wing political identity create a natural inclination toward climate action, and the dividend component — which distributes revenues equally, benefiting lower-income households disproportionately — aligns well with their commitment to reducing inequality and equalizing conditions in society. However, as someone on the left, they might harbour some scepticism toward market-based mechanisms, potentially preferring more direct state intervention (e.g., public investment in renewables or outright bans) over what could be seen as a neoliberal ""price signal"" approach. On balance, the progressive redistribution element of fee-and-dividend likely overcomes any ideological reservations about market solutions, making them a fairly strong supporter."
528.0,0,ClimatePolicyID(6),"As someone who deeply cares about global equality and believes all people deserve an equal chance regardless of where they were born, I feel a strong moral pull toward supporting climate compensation, since wealthier nations like the UK have historically contributed most to the emissions causing harm to more vulnerable communities. However, my skepticism of top-down institutional mechanisms makes me somewhat cautious about whether government-to-government compensation schemes actually reach those most affected, rather than being absorbed by bureaucracy or corrupt intermediaries. I'd feel more confident strongly supporting such policies if they were designed with genuine accountability and community-led input from those receiving the compensation."
528.0,1,ClimatePolicyID(6),"Their strong belief in global equality, environmental protection, and the moral responsibility of wealthier, historically high-emitting nations like the UK makes them instinctively sympathetic to climate compensation — they would likely see it as a matter of basic justice rather than charity. However, their deep skepticism of top-down authority and institutional mechanisms tempers unconditional enthusiasm, as they'd worry about whether government-to-government transfers genuinely benefit affected communities or get lost in bureaucratic or corrupt systems. Overall, they would probably lean toward support but with meaningful reservations about implementation, placing them somewhere between ""fairly support"" and ""strongly support"" depending on how the policy is structured."
528.0,2,ClimatePolicyID(6),"This person's strong commitment to global equality, environmental protection, and helping those affected by others' actions aligns closely with the principle behind climate compensation — particularly given the UK's historical role as a major emitter and their belief that all people deserve equal opportunities regardless of where they were born. Their internationalist outlook, reinforced by their Remain vote and left-wing values, makes them sympathetic to the idea that wealthier nations bear a moral responsibility toward more vulnerable communities suffering the consequences of climate change. However, their deep skepticism of authority and top-down institutional mechanisms introduces genuine reservations about whether government-administered compensation schemes are the most effective delivery method, potentially tempering their support from ""strongly support"" to a more cautious ""support"" unless there are robust accountability structures ensuring funds reach those most in need."
541.0,0,ClimatePolicyID(1),"While I deeply care about protecting the environment and addressing climate change, I find myself genuinely torn on this issue because large-scale wind parks can cause real harm to wildlife — including birds, bats, and marine ecosystems — which conflicts with my belief that all lifeforms deserve equal consideration and that no single species, including humans, should dominate the natural world. I worry that rushing the roll-out without careful ecological planning could simply replace one form of environmental damage with another. So although I broadly support moving away from fossil fuels, I'm not convinced that accelerating expansion at any cost is the right approach without stronger safeguards for the habitats and species affected."
541.0,1,ClimatePolicyID(1),"This person's deep environmental values pull in two directions simultaneously: they broadly support moving away from fossil fuels, but their strong conviction that all lifeforms deserve equal consideration creates real discomfort with wind park expansion that can harm birds, bats, and marine ecosystems. Living in the East of England, they may have direct awareness of offshore wind developments and their visible ecological footprint. The result is likely a cautiously ambivalent or mildly opposed stance — not because they deny climate change, but because they resist the framing that human energy needs should override wildlife habitats without much stronger ecological safeguards built in."
541.0,2,ClimatePolicyID(1),"This person's strong environmental values and left-leaning politics pull them toward supporting renewable energy expansion as a necessary response to climate change, and their lower income means they may also feel the pressure of energy costs. However, their equally strong commitment to treating all lifeforms equally and protecting ecosystems creates genuine hesitation, as wind parks can harm birds, bats, and marine habitats — meaning ""green"" energy isn't automatically aligned with their deeper ecological values. The result is a conflicted, lukewarm position: they want a transition away from fossil fuels but are uncomfortable with uncritical acceleration if it comes at the expense of wildlife and biodiversity."
541.0,0,ClimatePolicyID(2),"As someone who is deeply committed to protecting the natural environment and believes all lifeforms deserve equal consideration, I see continuing to issue new fossil fuel licenses as fundamentally incompatible with addressing the climate crisis that threatens ecosystems and vulnerable communities alike. The science is clear that we cannot afford new extraction if we are to limit catastrophic warming, and I believe governments have a responsibility to act decisively rather than defer to industry interests. For me, this isn't just an environmental issue — it's about equal opportunities and global justice, since it's often the most marginalised people around the world who bear the worst consequences of fossil fuel dependency."
541.0,1,ClimatePolicyID(2),"This person's strong environmental values and commitment to protecting ecosystems, combined with their left-leaning political outlook and higher level of education, would make them broadly supportive of banning new fossil fuel licenses — as already evident in their earlier reasoning. However, their relatively modest household income (£20–25k) might introduce a slight tension, as energy costs and economic security are more pressing concerns at lower income levels, and they might worry about the transition's impact on energy bills or regional employment. On balance, though, their deeply held values around environmental justice and global equality would likely outweigh these economic hesitations, leading to clear overall support for the ban."
541.0,2,ClimatePolicyID(2),"Given her strong environmental values, belief in treating all lifeforms equally, and rejection of industry-driven authority, she would feel a powerful pull toward supporting a ban on new licenses as a necessary step to protect ecosystems and address global climate injustice. Her previous reasoning already reflects deep alignment with this position. However, with a modest household income (£20-25k), she may have some passing awareness that rapid transition policies can disproportionately affect people on lower incomes through energy costs, creating a minor tension between her environmental ideals and her material circumstances — though her values profile suggests this would not significantly undermine her overall support."
541.0,0,ClimatePolicyID(3),"As someone who is deeply committed to protecting the environment and believes all lifeforms on Earth deserve equal consideration, I see phasing out petrol cars as an urgent and necessary step to address the climate crisis that disproportionately harms the most vulnerable people and ecosystems. The 2030 deadline feels not just reasonable but essential given the scale of the challenge we face, and I don't think we can afford to let economic or industry interests delay action that affects the entire planet. I also believe government has a genuine responsibility to drive systemic change rather than leaving it to individual consumer choices alone."
541.0,1,ClimatePolicyID(3),"Her strong environmental values, belief that government must drive systemic change, and concern for vulnerable ecosystems and communities all push her firmly toward supporting the 2030 ban. However, her relatively modest household income (£20–24k) and living in the East of England — where car dependency and limited public transport could make transitioning to an EV financially and practically challenging — introduce a real tension between her ideological commitments and her personal circumstances. On balance, her deeply held environmental worldview likely overrides practical cost concerns, and she may even feel a sense of personal moral obligation to support the policy despite the financial strain it might impose on people like herself."
541.0,2,ClimatePolicyID(3),"Her strong environmental values and belief in government-driven systemic change create a powerful pull toward supporting this policy, and her left-of-centre outlook makes her receptive to regulatory intervention over market-led solutions. However, her relatively modest household income (£20,000–£24,999) and life in the East of England — where public transport can be limited and car dependency higher — mean she may have practical anxieties about whether the transition will be affordable and accessible for people like herself, not just wealthier urban residents. On balance, her deep ecological commitments are likely to outweigh those concerns, leading her to **strongly support** the ban, though perhaps with a caveat that affordability and infrastructure must be addressed alongside it."
541.0,0,ClimatePolicyID(4),"As someone who deeply cares about protecting the environment, I strongly believe new housing should move away from fossil fuels, and mandating greener standards feels like a necessary step given how slow voluntary action has been. However, I somewhat rather than strongly support this because I'm conscious that such requirements can push up housing costs, potentially making homes less affordable for people on lower incomes like myself, which conflicts with my commitment to equal opportunities. I'm also a little wary of top-down mandates as my default approach, and would want to ensure any such policy is paired with meaningful financial support so that environmental progress doesn't come at the expense of those already struggling."
541.0,1,ClimatePolicyID(4),"Her strong environmental values and commitment to protecting nature make the broad thrust of this policy genuinely appealing — mandating greener new builds aligns closely with her belief that collective action is needed to address environmental harm. However, on her income of £20,000–£24,999, she is acutely aware that higher build costs tend to be passed on to buyers and renters, risking further pricing out people like herself from the housing market, which sits in tension with her commitment to equal opportunities. She would likely land on **somewhat support** — backing the environmental ambition but with real reservations about affordability impacts and a desire for strong accompanying support mechanisms to ensure the burden doesn't fall disproportionately on lower-income households."
541.0,2,ClimatePolicyID(4),"Her strong commitment to environmental protection and caring for nature makes her instinctively supportive of mandating greener housing standards, as she sees the climate crisis as urgent and voluntary measures as insufficient. However, on a modest income of £20-24k, she is acutely aware that higher building standards can translate into higher purchase or rental costs, creating a tension between her environmental values and her commitment to equal opportunities and helping those who are already struggling financially. This leads her to somewhat rather than strongly support the policy, with the caveat that it would need to be accompanied by meaningful financial support mechanisms to ensure it doesn't disproportionately burden lower-income households."
541.0,0,ClimatePolicyID(5),"As someone who deeply values protecting the natural world, I see a carbon tax as a necessary and direct way to hold the fossil fuel industry accountable for the environmental damage it causes, creating real financial incentives to transition away from planet-harming energy sources. What makes the fee-and-dividend model particularly compelling to me is that returning the revenues equally to everyone addresses my concern about environmental policies disproportionately burdening people on modest incomes like my own, ensuring the transition to a cleaner economy doesn't widen inequality. This kind of policy reflects my belief that we can pursue both ecological responsibility and social fairness at the same time, rather than treating them as competing priorities."
541.0,1,ClimatePolicyID(5),"Her strong environmental values and belief in ecological protection would make her instinctively supportive of pricing carbon to reduce fossil fuel use, while her concern for equality and modest income (£20,000-£24,999) could make her wary of policies that raise everyday costs disproportionately for lower earners. The fee-and-dividend structure, however, directly addresses that tension by returning revenues equally to everyone, which aligns with her values around equalising conditions and ensuring the costs of environmental action don't fall hardest on those least able to bear them. Living in the East of England where car dependency may be higher than in urban areas, she might have some practical hesitation about rising fuel costs, but the dividend mechanism would likely reassure her enough to lean toward support."
541.0,2,ClimatePolicyID(5),"Her strong environmental values and belief in ecological responsibility make a carbon tax on fossil fuels an appealing mechanism for driving the systemic change she sees as necessary, while her modest household income could raise concerns about higher energy costs hitting people like her hardest. However, the dividend element largely neutralises that worry, as returning revenues equally to everyone aligns directly with her commitment to equal opportunities and preventing environmental policy from becoming regressive. Her higher education level also likely helps her understand the economic logic of the policy, reinforcing support despite any residual uncertainty about whether governments would actually follow through on the redistribution promise."
541.0,0,ClimatePolicyID(6),"As someone who deeply believes in global harmony and equal opportunities for all, I feel strongly that wealthier nations like the UK, which have historically contributed far more to carbon emissions, bear a moral responsibility to those communities suffering the worst consequences of climate change despite having done the least to cause it. This is fundamentally a matter of justice — people in vulnerable countries shouldn't be left to bear catastrophic losses through no fault of their own. Compensating those affected is not charity but an acknowledgment of our collective responsibility to respond to the needs of others across national boundaries."
541.0,1,ClimatePolicyID(6),"Her deep commitment to global harmony, equal opportunities, and responding to the needs of others would strongly incline her toward supporting this policy, particularly given her view that wealthier nations bear a historical moral responsibility for climate harms suffered by those who contributed least. Her higher degree likely gives her familiarity with climate justice arguments and the concept of loss and damage. On the other hand, her relatively modest household income (£20-25k) might introduce some tension around the question of *how* such compensation is funded, though this is unlikely to override her core values around global equity."
541.0,2,ClimatePolicyID(6),"This person's deep commitment to global harmony, equal opportunities, and responding to the needs of others strongly aligns with supporting compensation for climate-affected communities abroad, particularly given their view that wealthier nations bear historical responsibility for emissions. Their higher degree is also associated with more cosmopolitan, internationally-minded perspectives that frame climate justice as a moral imperative rather than optional charity. A potential counterweight is their relatively modest household income, which might lead to some concern about the fiscal burden or whether government money is being directed effectively overseas rather than domestically — though this tension is less likely to outweigh their core values around global equity."
1545.0,0,ClimatePolicyID(1),"As a parent, I do think about the kind of environment my children will inherit, and I accept that moving toward cleaner energy makes sense in the long run. That said, I'm mindful of the practical costs involved — higher energy bills and the impact on landscapes matter to real families, including mine. So while I broadly support the direction of travel, I'd want to see the rollout managed carefully and cost-effectively rather than pushed through at any price."
1545.0,1,ClimatePolicyID(1),"As a parent and Labour voter, this person has some inclination toward supporting cleaner energy for the long-term benefit of future generations, and the mainstream acceptance of renewable energy across the political spectrum means it doesn't feel like a radical position. However, their slight right-of-centre lean makes them attentive to the economic and practical downsides — higher energy bills affect real families, and the visual impact of wind parks on landscapes is a genuine concern rather than an abstract one. They'd likely land on moderate support, but with a clear preference for a cost-conscious, well-managed rollout rather than an ideologically-driven acceleration at any cost."
1545.0,2,ClimatePolicyID(1),"As a parent living in London with a decent household income, this person has some stake in both the environmental future and the economic costs of energy policy — they're not immune to higher bills but can absorb them better than lower-income households. Their slight right-of-centre lean makes them instinctively cautious about government-driven rollouts that might prioritise targets over value for money, and they may have concerns about onshore wind affecting rural landscapes. However, having voted Labour in 2019 and accepting the broad direction of decarbonisation, they're unlikely to oppose the policy outright — they'd probably land on moderate support, tempered by a preference for pragmatic, cost-conscious delivery over ideologically-driven acceleration."
1545.0,0,ClimatePolicyID(2),"As a parent, I do think about the kind of environment I'm leaving behind for my children, and I have a basic respect for nature that makes me sympathetic to the idea of moving away from fossil fuels. At the same time, I'm conscious that an outright ban on new licenses could have real consequences for energy security and household costs, which matter to families like mine, and I'm not sure that government intervention at that level is necessarily the most effective or balanced approach. I find myself genuinely torn between wanting progress on climate and being cautious about policies that could be economically disruptive before cleaner alternatives are truly ready to fill the gap."
1545.0,1,ClimatePolicyID(2),"This person's slightly right-of-centre lean and awareness of energy security and household cost implications would push them toward opposing an outright ban, as they tend to value practical economic stability alongside environmental goals rather than prioritising climate action above all else. Their relatively modest educational background and high earned income suggest they're pragmatic about how policy affects real-world costs and would be wary of a blunt instrument like a full licensing ban before renewables can reliably fill the gap. As a parent, they feel some pull toward supporting the policy for their children's future, but this is counterbalanced by a scepticism of heavy-handed government intervention that might feel economically risky without a clear transition plan."
1545.0,2,ClimatePolicyID(2),"This person's slightly right-of-centre instincts and awareness of energy security risks push them toward opposing an outright ban, as they'd worry about premature government intervention driving up costs and undermining national energy independence before renewables can reliably fill the gap. However, being a parent in London and having a basic respect for nature creates some genuine pull toward supporting phasing out fossil fuel expansion, particularly given Labour's influence on their political outlook. On balance, they'd likely lean toward opposition or at best ambivalence, feeling that a blanket ban goes too far too fast and that more gradual, market-sensitive approaches would be preferable."
1545.0,0,ClimatePolicyID(3),"As a parent, I think about the kind of environment my children will inherit, and moving away from petrol cars feels like a sensible step toward balancing human progress with respecting nature. That said, I'm not entirely comfortable with the rigidity of a hard 2030 deadline, as it could put real financial pressure on ordinary families who can't easily afford to switch to electric vehicles, and I think economic practicality matters. So while I broadly support the direction of travel, I'd want the policy to be implemented carefully, with enough support in place to make it genuinely fair for everyone."
1545.0,1,ClimatePolicyID(3),"As a high-income Londoner and parent, he's well-positioned to support the shift to EVs — he can likely afford the transition, London's charging infrastructure is relatively developed, and he genuinely cares about the environment his children will inherit. However, his slightly right-of-centre instincts and practical streak make him uneasy about a hard government-imposed deadline, particularly when he sees the financial strain it could place on lower-income families who can't absorb the cost of switching — which conflicts with his strong belief in equalising conditions for all groups. The result is cautious, conditional support: he backs the direction but wants flexibility and adequate financial support built into the policy rather than a blunt top-down mandate."
1545.0,2,ClimatePolicyID(3),"As a parent living in London, they would likely appreciate the environmental rationale — cleaner air in the city and a better environment for their children are tangible benefits — and their moderate left-leaning vote in 2019 suggests some openness to government intervention for collective good. However, their slightly right-of-centre positioning and awareness of economic practicality would make them uncomfortable with a hard government-imposed deadline, seeing it as potentially restricting consumer choice and placing unfair burdens on those who can't afford to transition quickly. Their higher household income means they personally could likely absorb the cost of switching, but their sense of fairness and concern for broader societal equality would give them pause about how the policy affects ordinary families who can't."
1545.0,0,ClimatePolicyID(4),"As a parent, I genuinely want to leave a better environment for my children, and I can see the logic in making new homes more energy-efficient from the outset rather than retrofitting them later. However, I'm also aware that mandating these features adds significant costs to new builds, which could push house prices even higher and make it harder for young people to get on the property ladder — something that concerns me given the housing challenges already facing London. I think the goals are broadly sensible, but I'm not fully convinced that a blanket government mandate is necessarily the right mechanism compared to, say, incentives or phased requirements."
1545.0,1,ClimatePolicyID(4),"As a parent and London resident, they'd likely appreciate the long-term logic of building energy efficiency in from the start — it reduces bills and leaves a better environment for their children — and their moderate environmentalism means they're not dismissive of these goals. However, their slight right-of-centre lean makes them instinctively wary of heavy government mandates, and with a household income that might put them in the market for a larger home or investment property, the cost implications of requiring solar panels, specialist heating systems, and premium insulation feel very real — potentially pricing more people out of homeownership in an already eye-wateringly expensive London market. They'd probably express cautious, qualified support — agreeing with the direction of travel but preferring a more incentive-based or phased approach over a blanket mandate."
1545.0,2,ClimatePolicyID(4),"As a parent, they'd appreciate the long-term logic of building homes with lower running costs and a smaller environmental footprint, and their broadly Labour-leaning instincts mean they're not instinctively hostile to regulation. However, their slight right-of-centre positioning and practical awareness of London's housing affordability crisis would make them uneasy about stacking mandatory costs onto new builds — solar panels, specialist heating systems, and high-spec insulation all add to build costs that ultimately get passed on to buyers or renters. They'd likely land in a place of **moderate opposition or ambivalence**, acknowledging the sensible direction of travel but preferring a less prescriptive approach such as tax incentives or grants rather than an outright blanket mandate."
1545.0,0,ClimatePolicyID(5),"As a parent, I do think about the kind of environment my children will inherit, and I appreciate that some form of carbon pricing is probably a pragmatic, market-friendly way to address emissions without heavy-handed regulation — which fits with my general view that progress and environmental respect should be balanced. The dividend element appeals to me because it returns money directly to people rather than just growing government coffers, which feels fairer and helps offset costs for ordinary households. That said, I'm mindful that policies like this can raise costs for businesses and consumers in ways that aren't always straightforward, so I'd want to see the details work out sensibly before fully backing it."
1545.0,1,ClimatePolicyID(5),"As a parent living in London on a high household income, this person would likely see the carbon fee and dividend as a reasonably pragmatic, market-based approach to environmental responsibility rather than heavy-handed state intervention — a distinction that matters to someone sitting slightly right-of-centre. The dividend element is particularly appealing because it redistributes revenue back to households rather than expanding government spending, which aligns with their sense of fairness and their belief that society should work to equalise conditions. However, their cautious side would want reassurance that the practical implementation doesn't simply push up costs for businesses and consumers in ways that cause more harm than good, meaning they'd support it moderately rather than enthusiastically."
1545.0,2,ClimatePolicyID(5),"On the support side, the dividend element makes this policy more palatable than a straight tax — returning money directly to households feels fairer and less like government overreach, which aligns with their slightly right-of-centre instincts, and as a parent they have some stake in environmental outcomes. On the opposition side, at a household income of £100,000-£149,999 they'd likely pay more into the system through higher fuel and energy costs than they'd receive back in dividends, meaning they'd probably see it as a net loss for their family finances, and with a lower educational qualification they may be more instinctively skeptical of technocratic policy solutions that sound good in theory but feel like they penalise working people in practice. On balance, they'd likely offer moderate, conditional support — appreciating the logic but with real reservations about the practical costs."
1545.0,0,ClimatePolicyID(6),"I genuinely believe that all people should have an equal chance regardless of where they're from, and I recognise that some countries are suffering consequences of climate change they've done little to cause, which gives me some sympathy for the principle of compensation. At the same time, I'm not someone who puts environmental issues at the forefront of my priorities, and as a parent thinking about household finances, I have real questions about how effective such government spending would be and whether it's the best use of public money. That tension between my sense of fairness on one hand and my pragmatic scepticism about international spending programmes on the other is what leaves me genuinely unsure where I stand."
1545.0,1,ClimatePolicyID(6),"On the support side, his genuine belief that all groups deserve an equal chance and his basic sense of fairness pull him toward sympathy for poorer nations suffering consequences of a problem they largely didn't create. On the opposition side, his slightly right-of-centre instincts, pragmatic scepticism about the effectiveness of international government spending programmes, and his awareness as a relatively high-earning taxpayer of where public money goes all push back against active support. The result is likely a lukewarm or mildly opposed position — he can see the moral case but isn't convinced this is the right mechanism or priority for government action."
1545.0,2,ClimatePolicyID(6),"Their strong belief in equal opportunity and fairness across groups gives them some instinctive sympathy for the idea that countries suffering climate consequences they didn't cause deserve some form of support. However, their slightly right-of-centre pragmatism, combined with a focus on family finances and scepticism about the effectiveness of international spending programmes, makes them question whether this is the best use of government money. The result is a genuinely ambivalent position, leaning toward mild opposition driven by doubts about value for money rather than any hostility to the principle itself."
1309.0,0,ClimatePolicyID(1),"As someone who deeply cares about the environment, I absolutely support moving away from fossil fuels and tackling climate change, so the goal of expanding renewable energy strongly appeals to me. However, I have some reservations about the speed and scale of roll-out, particularly when wind parks can disrupt natural habitats, affect bird and bat populations, and alter landscapes I care deeply about — especially here in Wales where the countryside is precious. I want to see renewables expand, but thoughtfully and with proper consideration for all the lifeforms and ecosystems that might be affected in the process."
1309.0,1,ClimatePolicyID(1),"This person's strong environmental values and concern about climate change would push her firmly toward supporting renewable energy expansion, seeing it as essential for protecting the planet she cares so deeply about. However, her equally strong belief that all lifeforms deserve equal consideration — not just humans — would give her genuine pause about the practical impacts of wind farms on bird and bat populations, habitats, and the Welsh landscapes she values. She would likely end up as a moderate-to-strong supporter, but with meaningful qualifications around how and where development takes place, wanting careful environmental assessments and community input rather than a blanket acceleration at any cost."
1309.0,2,ClimatePolicyID(1),"Her strong environmental values and Labour-voting, Remain background make her broadly sympathetic to climate action and expanding renewables, as she would see fossil fuel dependence as a fundamental threat to the natural world she cares deeply about. However, her belief that all lifeforms deserve equal consideration gives her genuine pause about the ecological disruption that large-scale wind parks — particularly onshore ones in the Welsh landscapes she values — can cause to birds, bats, and habitats. She would likely **moderately support** the policy overall, but with real reservations about the pace and manner of roll-out, wanting stronger environmental safeguards built in rather than treating renewable expansion as an uncritical good."
1309.0,0,ClimatePolicyID(2),"While I care deeply about the environment, I worry that an immediate ban on new licenses could create energy security problems during the transition period, potentially forcing the UK to import more fossil fuels from abroad — which would do little to help the planet and could drive up energy costs for ordinary families already struggling with bills. I'd prefer to see a carefully managed phase-out that protects both the climate and the communities currently dependent on these industries, ensuring workers have genuine alternative opportunities rather than simply having their livelihoods swept away. A blunt ban without a robust just transition plan feels like it prioritises political symbolism over the practical needs of real people and, ultimately, over the most effective long-term environmental outcome."
1309.0,1,ClimatePolicyID(2),"This person's strong environmental values and commitment to protecting nature would naturally incline her towards supporting a ban on new fossil fuel licenses, aligning with her belief that all lifeforms deserve protection and that climate action is urgent. However, her centre-ground political positioning, concern for the practical needs of ordinary families facing energy costs, and her care for workers in fossil fuel-dependent communities — particularly relevant in Wales — pull her toward opposing a blunt, immediate ban without a robust just transition plan. She would likely **slightly oppose** this specific policy as worded, not because she rejects the environmental goal, but because she sees an unqualified ban as prioritising political symbolism over the carefully managed, people-centred approach she believes would be more genuinely effective."
1309.0,2,ClimatePolicyID(2),"This person's deep environmental values and concern for nature pull her toward supporting action on fossil fuels, and her Remain vote and Labour history suggest she's broadly sympathetic to progressive climate policy. However, her concern for the practical wellbeing of working people — particularly relevant given Wales's industrial and mining heritage — and her centrist, pragmatic approach mean she's wary of blunt policy instruments that could harm communities or create energy insecurity without proper transition support in place. She would likely **slightly oppose** this specific policy as framed, not because she rejects the destination, but because she sees a blanket ban on new licenses without a robust just transition plan as prioritising political symbolism over the effective, humane management of a genuinely complex challenge."
1309.0,0,ClimatePolicyID(3),"As someone who cares deeply about protecting the environment and responding to the climate crisis, I strongly believe we need to move away from petrol vehicles, and a firm deadline helps drive that transition. However, living in Wales where public transport can be limited and many people rely on their cars for daily life, I worry that 2030 may not leave enough time for charging infrastructure and affordable electric vehicle options to reach everyone, particularly those on lower incomes. I somewhat support the policy because the principle is absolutely right, but the implementation needs to ensure that the transition doesn't unfairly burden ordinary families who can't easily absorb the cost of switching."
1309.0,1,ClimatePolicyID(3),"This person's strong environmental values and commitment to protecting nature would push them firmly toward supporting a 2030 ban, as addressing climate change aligns directly with her core worldview about caring for the planet and all its lifeforms. However, living in Wales — where rural geography means greater car dependency and public transport gaps are real — she would have genuine practical concerns about whether the infrastructure, particularly charging networks, and affordable EV options will be in place in time for ordinary people to make the switch without significant financial hardship. Her centre-positioned pragmatism means she supports the goal strongly but likely feels the 2030 timeline is ambitious to the point of potentially being unfair to lower-income households and those in less well-served areas like rural Wales."
1309.0,2,ClimatePolicyID(3),"Her strong environmental values and commitment to protecting nature make her broadly sympathetic to the principle of banning petrol cars, and her Remain vote and Labour history align her with the kind of progressive, forward-looking climate action such a policy represents. However, living in Wales—where rural geography and patchy public transport mean car dependency is a practical reality for many people—she is genuinely concerned that a 2030 deadline may be too tight for charging infrastructure and affordable EVs to reach everyone, particularly those on modest incomes. This tension between her environmental convictions and her concern for social equity and practical fairness leads her to somewhat support the policy in principle while remaining cautious about whether the implementation is realistic and just."
1309.0,0,ClimatePolicyID(4),"As someone who cares deeply about protecting the environment, I genuinely support the direction of this policy — new homes should absolutely be built with sustainability in mind, and moving away from fossil fuels is essential for future generations. However, my hesitation comes from concerns about affordability and equal opportunity; mandating these features without sufficient financial support could push the cost of new homes even higher, pricing out younger families and those on lower incomes. I'd feel more strongly supportive if the policy were paired with robust government subsidies or social housing commitments to ensure these environmental benefits don't become another privilege of the wealthy."
1309.0,1,ClimatePolicyID(4),"Her strong environmental values and Labour-leaning, Remain-voting background make her instinctively supportive of mandating greener housing, as she genuinely wants to see fossil fuels phased out and future generations protected from climate change. However, her deep commitment to equal opportunity and social fairness creates real tension, since mandatory high-specification features risk inflating house prices further and disadvantaging younger people and lower-income families who are already struggling to get onto the housing ladder — something that would concern her as a parent. She would likely offer qualified support, but her backing would be conditional on the government ensuring affordability measures accompany such mandates, rather than simply passing the costs onto buyers."
1309.0,2,ClimatePolicyID(4),"Her strong environmental values and concern for future generations make her instinctively supportive of mandating green building standards, and her Labour-voting, Remain background aligns her with policies that take climate change seriously. However, as a parent likely thinking about the housing prospects of her own children or grandchildren, she would be acutely aware that adding mandatory costs to new builds could further inflate house prices and deepen inequality — directly conflicting with her core belief in equal opportunities. This tension between environmental idealism and social fairness would lead her to offer qualified rather than wholehearted support, contingent on accompanying measures to protect affordability."
1309.0,0,ClimatePolicyID(5),"While I deeply care about protecting the environment and feel strongly that we must act on climate change, I'm genuinely unsure whether this particular mechanism is the most effective way to do so. I worry that distributing the revenues back to the public, while appealing in principle, might dilute the funds that could otherwise be directed toward meaningful green infrastructure or supporting communities most vulnerable to both climate change and rising energy costs. I also question whether a tax-and-dividend approach truly changes corporate behaviour quickly enough, given the urgency I feel about protecting the natural world."
1309.0,1,ClimatePolicyID(5),"This person's deep environmental commitment and belief in equal opportunities creates a genuine pull toward supporting carbon fee and dividend — the climate action component resonates strongly, and returning revenue to the public aligns with her values around reducing inequality and helping ordinary people cope with rising costs. However, her concern that the dividend mechanism might weaken the direct environmental impact, combined with her sense of urgency about protecting the natural world, makes her question whether this approach is sufficiently transformative compared to directing funds straight into green investment or supporting vulnerable communities. Her centre-left political instincts and university education mean she thinks carefully about policy design rather than simply endorsing any climate measure, leaving her with cautious, qualified support rather than enthusiasm."
1309.0,2,ClimatePolicyID(5),"Her strong environmental values and concern for vulnerable communities create a genuine tension here: she appreciates that carbon pricing could reduce fossil fuel use and that dividends might help lower-income households cope with rising energy costs, aligning with her commitment to equality. However, she likely worries that returning revenues directly to the public feels like a missed opportunity to fund the kind of systemic green investment and community support she believes is urgently needed, particularly given her sense that climate change demands bold, structural action rather than market nudges. Her Labour-leaning, Remain-voting background suggests she is broadly sympathetic to redistribution and state-led solutions, but that same instinct may make her prefer the government directing funds toward public green infrastructure over a dividend model that feels more passive."
1309.0,0,ClimatePolicyID(6),"While I deeply care about global justice and the suffering of people affected by climate change, I'm not fully convinced that government-to-government financial compensation is the most effective way to help those most vulnerable — I worry that funds can be absorbed by corrupt or inefficient systems before reaching the communities that truly need them. I'd much rather see direct investment in grassroots solutions, clean energy transitions, and community-led adaptation programmes that actually address root causes rather than simply writing cheques. It's not that I don't believe wealthy nations have a responsibility — we absolutely do — but I question whether this particular policy mechanism delivers the genuine help and equality of opportunity I care about."
1309.0,1,ClimatePolicyID(6),"Her strong commitment to global harmony, equal opportunities, and environmental protection naturally draws her toward supporting some form of international climate responsibility — she genuinely believes wealthy nations have caused disproportionate harm and should help those suffering the consequences. However, her skepticism of top-down authority and institutional mechanisms makes her uneasy with government-to-government financial compensation specifically, as she fears funds will be lost to bureaucracy or corruption rather than reaching vulnerable communities directly. This tension between her values of global solidarity and her distrust of formal governmental mechanisms leaves her ambivalent — sympathetic to the principle but doubtful about this particular policy instrument."
1309.0,2,ClimatePolicyID(6),"Her strong commitment to global harmony, equal opportunity, and caring for others naturally pulls her toward supporting the principle of wealthy nations compensating those most harmed by climate change — values reinforced by her internationalist Remain vote and Labour sympathies. However, her deep scepticism of top-down authority and institutional effectiveness makes her wary of government-to-government financial transfers, fearing that money gets lost in bureaucratic or corrupt systems rather than reaching vulnerable communities directly. This tension leaves her moderately opposed to this specific policy mechanism, not because she rejects the moral obligation, but because she doubts it delivers the genuine, grassroots-level help she believes is needed."
