agent_id,day,policy_id,summary
165.0,1,climate_policy_package,"Today’s reflections challenged my assumptions about climate policy, particularly the role of renewable subsidies and the impact of banning petrol cars, which I found compelling due to their focus on fiscal responsibility and fairness. I pushed back on the idea that renewables are inherently a drain on public funds, but I now see the argument more clearly, especially regarding cost-of-living pressures. The discussion on insulation upgrades and hidden costs made me more aware of the practical challenges for families, though I still value long-term environmental goals. Overall, I’ve shifted toward a more balanced view, recognizing both the urgency of climate action and the need for equitable, practical solutions."
165.0,2,climate_policy_package,"Today’s reflections made me reconsider my stance on climate policies. I found the argument about renewable subsidies draining public funds compelling, especially given my household’s financial situation, and I’m more cautious about the cost of banning new petrol cars. The hidden costs of insulation upgrades also resonated with me as a parent. However, I still believe in balancing environmental goals with fairness and fiscal responsibility, and I’m more aware of the trade-offs involved. My thinking shifted toward a more nuanced view, recognizing both valid concerns and potential oversights."
582.0,1,climate_policy_package,"Today's reflections made me reconsider several climate policy assumptions. I found the argument about renewable subsidies draining public funds and not reducing gas reliance compelling, as it highlights potential inefficiencies. I also pushed back on the idea of removing the carbon tax, as I’m unsure how it aligns with long-term emissions goals. The discussion on banning petrol cars and insulation mandates resonated, especially regarding fairness and cost burdens on low-income families. While I still support global responsibility, I now question how policies can balance environmental goals with social equity. Overall, the message made me more cautious, urging a more nuanced approach that considers both sustainability and fairness."
582.0,2,climate_policy_package,"Today’s reflections challenged my assumptions about climate policy, particularly the balance between environmental goals and social impact. I found the arguments about renewable subsidies and the cost-of-living crisis compelling, as they highlight potential unfairness in funding transfers. The discussion on banning petrol cars and insulation mandates also made me reconsider their fairness and practicality for low-income households. While I’ve always supported carbon pricing, the idea of removing the carbon tax raises concerns about long-term sustainability. Overall, the message made me more cautious, pushing me to think more critically about how policies affect both the environment and social equity."
1379.0,1,climate_policy_package,"Today’s reflections reinforced my concerns about the economic impact of climate policies and the need for pragmatic approaches. I found the arguments against renewable subsidies and rapid transitions like banning petrol cars compelling, as they highlight practical challenges and potential costs on households. However, I remain supportive of a measured push toward renewables and am open to a carbon tax with dividends. While I agree with some critiques, I believe a balanced approach is necessary, and the message has made me more reflective on the tension between environmental goals and economic realities."
1379.0,2,climate_policy_package,"Today’s reflections highlight a mix of agreement and hesitation. I found the economic arguments for rolling back climate policies and promoting energy independence compelling, especially the focus on reducing electricity costs and supporting local industries. However, I remain cautious about fully scrapping green mandates, believing a balanced approach to renewable energy is still necessary. I also remain open to a carbon tax with dividends as a fair solution. While I agree with cutting foreign aid and UN climate bodies, I question their practicality. Overall, the message has reinforced my belief in balancing economic pragmatism with environmental responsibility."
713.0,1,climate_policy_package,"Today’s reflections made me reconsider climate policies through a more balanced lens. I found the arguments against renewable subsidies and the burden of banning petrol cars compelling, as they highlight economic fairness and practicality. The idea of removing the carbon tax to ease household bills also resonated with my belief in balancing environmental goals with economic responsibility. However, I remain cautious about scrapping all renewable support, as I value both environmental progress and local traditions. My thinking shifted slightly toward supporting a more thoughtful, nuanced approach to energy policy that considers both environmental and people-centered priorities."
713.0,2,climate_policy_package,"Today’s reflections highlight my alignment with concerns about the economic impact of climate policies. I found the arguments against renewable subsidies and the burden of banning petrol cars compelling, as they resonate with my values of fairness and practicality. The case for insulation upgrades and reducing carbon taxes also appealed to my belief in balancing environmental goals with economic responsibility. However, I remain cautious about scrapping all renewable subsidies, as I value both environmental progress and respect for local traditions. My thinking shifted slightly toward supporting a more thoughtful, balanced approach to energy policy that considers both environmental and economic needs."
1878.0,1,climate_policy_package,"Today, I found the emphasis on long-term renewable funding and rejecting new oil/gas licenses compelling, as they align with my values of sustainability and skepticism of authority. I also support public charging infrastructure and addressing cold homes, seeing them as fair and practical. The idea of carbon border adjustments intrigued me, though I remain cautious about implementation. Separating loss and damage finance from aid budgets resonated strongly, as I worry about exploitation in aid systems. While I appreciate the policy’s structure, I still want more transparency to prevent new inequalities."
1878.0,2,climate_policy_package,"Today’s reflections highlighted messages on fairness and community benefit in renewable projects as compelling, aligning with my values of equality and environmental stewardship. I supported the 2035 petrol car ban and carbon tax with dividend, seeing them as fair and effective. I pushed back slightly on retrofitting feasibility, though heat pumps offer hope. My thinking shifted toward the need for transparency and safeguards to prevent new inequalities, even as I found the overall policy package thoughtful and balanced."
844.0,1,climate_policy_package,"Today's message strongly resonated with my values, particularly its emphasis on long-term renewable energy planning, halting new oil and gas licenses, and banning petrol cars by 2030. I agree with the focus on climate justice, including addressing health inequalities and implementing a carbon border tax. I support separating loss and damage finance from aid budgets. While I found the message comprehensive and well-structured, I remain cautious about the practical implementation of these policies, seeking more clarity on balancing economic and environmental priorities. My thinking hasn’t shifted significantly, but I recognize the need for more detailed plans."
844.0,2,climate_policy_package,"Today’s messages resonated with me, especially the emphasis on fairness, community benefit, and long-term planning in renewable projects, which align with my values. I found the 2035 petrol car ban reasonable and necessary, though I remain cautious about the 2030 timeline. The push for heat pumps in new housing was more convincing than vague green standards, and I support the carbon tax with dividend idea, though implementation details matter. I agree with the focus on climate justice and historical responsibility but want clearer structures for compensation to avoid dependency. Overall, the policy package feels comprehensive and well-structured."
409.0,1,climate_policy_package,"Today’s reflections highlight alignment with key policy elements: the urgency of climate action, renewable energy investment, and support for electric vehicles. I strongly agree with stopping new fossil fuel licenses and funding home upgrades to address health inequalities. The carbon tax with a dividend idea resonates with my values of fairness, though I remain cautious about implementation. While I support compensating poorer nations for climate impacts, I want more clarity on funding mechanisms. Overall, the policy aligns with my values, but I push back on the lack of detailed plans for supporting affected communities and ensuring equitable implementation."
409.0,2,climate_policy_package,"Today’s reflections highlight several compelling messages that align with my values. I strongly support the emphasis on fairness, local benefits from renewables, and compensating poorer nations, while remaining cautious about balancing economic impacts with sustainability. The 2030 petrol ban and green housing standards resonate with me, though I’m still considering affordability and feasibility. The carbon tax with a dividend idea is promising but needs clearer implementation details. Overall, the policy package feels aligned with urgency and equity, though I’m still working through how to support affected communities without creating new inequalities."
1957.0,1,climate_policy_package,"Today, I found the emphasis on long-term renewable funding and banning new oil licenses compelling, as it aligns with my values of challenging short-term thinking and prioritizing people and the planet. I also appreciated the focus on supporting EV transitions and addressing health inequalities through energy-efficient housing. The carbon tax with a dividend seemed fair, though I remain cautious about revenue management. I pushed back slightly on the idea of border adjustments, wanting to ensure they support, not undermine, domestic industries. Overall, my support for the policy remained strong, though I’m still working through the balance between fairness and practicality in climate compensation."
1957.0,2,climate_policy_package,"The messages on community ownership, banning petrol cars by 2030, and standardizing heat pumps resonated with my values and concerns. I agree with the carbon tax with a dividend idea but remain cautious about revenue management. I support compensating other countries but want to ensure it doesn’t burden working people. My thinking hasn’t shifted on the policy’s core, but I’m still considering its practical impact on affordability and support for everyday people."
91.0,1,climate_policy_package,"The message strongly resonates with my belief in long-term planning, particularly on renewable energy and phasing out fossil fuels, which I now see as necessary despite my previous concerns about economic stability. I’m more open to banning petrol cars by 2030 if paired with infrastructure and incentives, and I find the home upgrades proposal compelling for its focus on fairness and health. The carbon tax with a dividend is intriguing, though I remain cautious about its economic impact. I’m less convinced about separate loss and damage finance, as it conflicts with my emphasis on national priorities. Overall, the policy challenges my traditional values but makes me reconsider the urgency of meaningful climate action."
91.0,2,climate_policy_package,"Today's reflections revealed a mix of alignment and resistance. I found the emphasis on renewable energy and community benefits compelling, as they align with my values of fairness and long-term planning. The ban on new fossil fuel licenses challenged me, but the urgency of the climate crisis made me reconsider my stance. The phased petrol car ban felt radical, yet the focus on public infrastructure made it more acceptable. The green housing mandate was initially off-putting, but I could see its logic with proper support. The carbon tax with a dividend intrigued me, though I remain cautious about taxes. Compensating other nations for climate impacts confused me, as it felt at odds with my belief in national responsibility. Overall, I’m torn between tradition and the need for change, with some ideas shifting my thinking."
69.0,1,climate_policy_package,"Today’s reflections made me reconsider some assumptions about climate policy. I found the argument that renewable subsidies strain public funds compelling, especially in light of the cost-of-living crisis, but I still believe in the long-term necessity of renewable energy. I pushed back on the idea of banning petrol cars without proper support, as it risks hardship for working families. The point about insulation mandates and hidden costs was new to me, making me more aware of the human impact of policy. I’m skeptical of removing the carbon tax, though I see the appeal of lower bills. Overall, the message made me more conscious of the balance between environmental goals and economic fairness, and I need to think more about how to reconcile these priorities."
69.0,2,climate_policy_package,"Today’s reflections challenged my assumptions about climate policy, particularly regarding renewable subsidies and their economic impact. I found the argument about the cost-of-living crisis compelling, as it highlights the tension between environmental goals and economic fairness. I also pushed back on the idea of banning petrol cars, as I believe the transition must be supported with infrastructure and affordability. The point about insulation mandates and hidden costs made me rethink how policies affect real people. While I value the carbon tax as a tool for driving clean energy, I’m now more aware of the trade-offs between immediate relief and long-term sustainability. Overall, the message made me more cautious about balancing environmental and economic priorities in policy design."
166.0,1,climate_policy_package,"The message on climate action resonated with my existing beliefs, especially the urgency of the crisis and the need for long-term renewable energy planning. I agree with banning new oil and gas licenses and phasing out petrol cars by 2030, though I remain cautious about the practical and financial impacts on everyday people. I support upgrading homes to address health inequalities, but I’m skeptical about funding and accessibility. The carbon tax with a dividend and loss and damage finance as a separate fund are compelling ideas that align with my views on fairness and global justice. While I find the policy package comprehensive, I’m still concerned about how these measures will be implemented without creating new inequalities."
166.0,2,climate_policy_package,"Today’s reflections highlighted several compelling points. I was strongly in favor of policies that emphasize fairness, community benefit, and long-term planning, especially the renewable energy transition and compensating climate-affected countries. I also supported the carbon tax with a dividend, seeing it as a fair way to address both climate and economic issues. However, I remain cautious about the 2035 petrol ban and housing policies, fearing they could increase inequality for lower-income individuals. I’m still wrestling with balancing environmental goals and economic fairness, especially for communities reliant on fossil fuels. Overall, I’m more convinced by the fairness-focused aspects, but I’m not yet sure how the government will manage the practical challenges without creating new disparities."
103.0,1,climate_policy_package,"Today’s reflections challenged my assumptions about climate policy, particularly the role of subsidies and fossil fuel licensing. I found the argument about fiscal responsibility and local opposition to wind parks compelling, making me more cautious about renewable implementation. I was unsettled by the idea of banning new fossil fuel licenses, as it risks economic harm to communities reliant on these industries. The 2030 petrol car ban also raised concerns about job impacts and practicality. While I support insulation mandates, I’m wary of their high costs for low-income families. The carbon tax and dividend idea resonates, but I’m skeptical about international climate compensation. Overall, I’m leaning toward a more balanced approach that prioritizes both environmental goals and economic fairness."
103.0,2,climate_policy_package,"Today’s reflections challenged my assumptions about climate policy, particularly the balance between environmental goals and economic impacts. I found the argument for removing the carbon tax and ending renewable subsidies compelling, especially regarding fiscal responsibility and family impact, though I remain cautious about how renewables are implemented. I was intrigued by the idea of North Sea oil drilling but remain unconvinced it’s the right path, given environmental concerns. The 2030 petrol ban raised valid concerns about local livelihoods, making me rethink how to balance emission reduction with economic fairness. I agree with simplifying green housing mandates but remain supportive of greener homes. While I’ve always supported the carbon tax and dividend idea, I’m now more skeptical about international climate compensation due to potential inequalities. Overall, I’m open to a more economically pragmatic approach but not fully convinced by the package’s proposals, believing a middle ground is possible."
1262.0,1,climate_policy_package,"Today’s reflections reinforced my commitment to climate action, particularly the urgency of transitioning to renewable energy and phasing out new fossil fuel licenses. I found the emphasis on equity—like upgrading cold homes and ensuring fair carbon tax impacts—compelling, as it ties climate policy to social justice. While I support the overall package, I remain cautious about implementation fairness, especially for lower-income groups, and would like more clarity on how these policies will be rolled out equitably."
1262.0,2,climate_policy_package,"Today’s reflections reinforced my support for policies emphasizing fairness, community benefit, and sustainability in renewable energy and housing. I found the emphasis on local investment and equitable transition compelling, especially for workers and lower-income groups. While I agree with phasing out petrol cars and stopping new oil licenses, I remain cautious about ensuring fair support during the shift. The carbon tax with dividend and global climate compensation align with my values, though I want safeguards to prevent unintended harm. Overall, I appreciate the comprehensive approach but believe more detail is needed on implementation to ensure fairness."
377.0,1,climate_policy_package,"Today’s reflections reinforced my support for urgent climate action, particularly the push to ban new oil and gas licenses and accelerate renewable energy adoption, which aligns with my values of equity and long-term sustainability. I found the carbon tax with dividend payments compelling, especially with border adjustments, and am more convinced of its fairness now. However, I remain cautious about the economic impacts on working-class families and rural communities, advocating for robust support during the transition to electric vehicles and energy-efficient housing. While I agree with climate compensation for poorer nations, I want to ensure it complements, rather than competes with, existing aid. Overall, the message resonates with my values, though I’d like more clarity on balancing environmental goals with social and economic equity."
377.0,2,climate_policy_package,"Today’s reflections reinforced my support for policies that prioritize fairness and long-term sustainability. I found the emphasis on community ownership in renewables and the 2030 petrol ban compelling, though I remain concerned about economic impacts on working-class families. The carbon tax with dividends and climate compensation for poorer nations resonated strongly with my values. While I still want more detail on implementation, the overall package has shifted my thinking toward greater support."
574.0,1,climate_policy_package,"Today’s messages resonated with me on several points. I found the push for renewable energy as insurance against price shocks compelling, especially given recent volatility, and I’m more convinced than ever that a long-term plan is needed. The call to stop new oil and gas licenses aligns with my values, though I remain cautious about local job impacts. The carbon tax with a dividend and border adjustments seem fair and practical, and I agree they should complement—not compete with—international aid. My thinking on housing policies strengthened after considering the health impacts of cold homes, reinforcing my support for fairness in energy access."
574.0,2,climate_policy_package,"Today’s messages reinforced my support for accelerating renewable energy and phasing out oil and gas licenses, as they align with long-term climate goals and fairness. I found the carbon tax with a dividend compelling, especially with border adjustments to protect domestic industries. While I remain cautious about local job impacts, the emphasis on health and social equity strengthened my backing for the policy. My thinking hasn’t shifted significantly, but the structured approach to balancing environmental and social concerns reassured me."
556.0,1,climate_policy_package,"The message resonated with my values, especially the focus on long-term sustainability and renewable energy, though I remain cautious about local impacts. I strongly support banning new fossil fuel licenses, aligning with my left-wing views, but I’m still grappling with economic implications for affected communities. The 2030 petrol car ban feels necessary, though I’m concerned about affordability and infrastructure. Upgrading housing for energy efficiency aligns with my belief in reducing inequality. The carbon tax with a dividend seems fair, and compensating poorer nations for climate impacts feels just, though I’m still thinking about implementation. Overall, the message is compelling, especially in linking climate action to social justice, though I’m still balancing environmental goals with social and economic concerns."
556.0,2,climate_policy_package,"Today’s reflections reinforced my support for policies that prioritize fairness and community involvement in renewable projects, as well as banning new fossil fuel licenses and phasing out petrol cars. I found the carbon tax with a dividend and compensating poorer nations compelling, though I remain thoughtful about balancing environmental goals with social equity. My thinking shifted slightly on housing standards, recognizing both their benefits and potential challenges. Overall, the message aligns with my values, but I’m still working through how to address economic and practical concerns without compromising climate action."
752.0,1,climate_policy_package,"Today’s reflections made me more cautious about climate policies, especially those that prioritize environmental goals over economic fairness. I found the argument about public funds being redirected to renewables at the expense of struggling families compelling, and the critique of banning petrol cars as a ""vanity project"" resonated with my concerns about practicality. I also pushed back on insulation mandates, seeing them as potentially burdensome for low-income households. While I support removing the carbon tax to lower bills, I’m unsure how that aligns with long-term climate goals. Overall, I’ve become more skeptical of sweeping policies that don’t balance environmental and economic realities."
752.0,2,climate_policy_package,"Today’s messages resonated with my focus on economic impact and practical solutions. I found the arguments against climate policies driving up energy costs and the push for North Sea drilling compelling, as they align with my values of economic stability and self-reliance. I also support scrapping the 2030 petrol car ban and green housing mandates, seeing them as misguided or overly burdensome. While I’m intrigued by the carbon tax and dividend idea, I remain cautious about government overreach. Overall, the package feels more aligned with my priorities, but I’m still wrestling with how to balance environmental goals with economic realities without unintended harm."
1001.0,1,climate_policy_package,"Today's reflections challenged my assumptions about climate policy, especially regarding economic fairness and the impact of subsidies. I found the critique of net zero policies as a wealth transfer compelling, as it resonates with concerns about the cost-of-living crisis. I also agreed that banning new petrol cars might be more symbolic than practical, though I still support reducing fossil fuel reliance. The argument for removing the carbon tax and lowering bills appealed to my preference for tangible, stable solutions. While I remain committed to fairness and environmental responsibility, I now question how policies are framed and implemented, recognizing the need for a more balanced approach."
1001.0,2,climate_policy_package,"Today’s reflections challenged my assumptions about climate policy, particularly regarding economic fairness and the effectiveness of subsidies. I found the argument that net zero policies may unfairly transfer wealth to already supported industries compelling, especially in light of the cost-of-living crisis. I also resonated with the critique of banning petrol cars as a political vanity project, though I still value the long-term goal of reducing fossil fuel reliance. The point about insulation mandates and hidden costs was persuasive, as it highlighted the need for practical, equitable solutions. I was drawn to the idea of removing the carbon tax to lower bills, aligning with my preference for measured government action. Overall, the message made me rethink the balance between environmental goals and economic fairness, though I remain committed to fairness, practicality, and environmental respect."
440.0,1,climate_policy_package,"Today’s reflections reinforced my commitment to climate action, especially the emphasis on long-term planning, systemic change, and equitable access to clean energy. I found the call for consistent renewable funding and public EV infrastructure compelling, as they align with my values of justice and inclusion. The focus on health inequalities and cold homes was particularly persuasive, linking climate action to social justice. However, I remain cautious about border carbon adjustments, fearing potential negative impacts on vulnerable sectors, and am concerned that separating loss and damage finance from existing aid could weaken support for the most affected. Overall, the policy package resonates with my values, though I would advocate for stronger safeguards and transparency."
440.0,2,climate_policy_package,"Today, I found the message emphasizing the moral and practical urgency of the climate transition compelling, especially its focus on community ownership and fairness. I also support the 2035 petrol and diesel ban, as well as the carbon tax with revenue distribution, though I remain cautious about implementation safeguards. While I agree with the emphasis on historical responsibility, I want to ensure compensation for poorer nations avoids neocolonial pitfalls. My thinking hasn’t shifted significantly, but I remain committed to ensuring these policies are fair and transparent."
1250.0,1,climate_policy_package,"This message challenged my assumptions about climate policy, particularly regarding renewable subsidies and carbon taxes, making me more skeptical of their fairness and fiscal impact. I agree that policies like banning petrol cars and strict housing mandates may unfairly burden working-class households. While I still support renewable energy and carbon reduction, I now question the current model and see the need for more flexible, equitable solutions. The discussion has made me more cautious and aware of the need for nuance in balancing environmental goals with social and economic fairness."
1250.0,2,climate_policy_package,"Today’s reflections made me reconsider several policies I’ve supported. I found the arguments against carbon taxes and renewable subsidies compelling, as they highlight fairness and fiscal responsibility. I also pushed back on the idea of banning new oil and gas licenses, as it raises valid concerns about economic impact and jobs. The critique of the 2030 petrol car ban and green housing mandates made me question the rigidity of current approaches, prompting a shift toward more flexible, cost-effective solutions. Overall, I’m more cautious about the policy package, recognizing the need for a balanced approach that considers both environmental goals and social equity."
355.0,1,climate_policy_package,"Today’s reflections reinforced my commitment to climate action, especially the call to stop new oil and gas licenses, which aligns with my belief in systemic change and environmental justice. I found the balance between transitioning to electric vehicles and addressing rural challenges persuasive, and the link between climate policy and social justice, like tackling cold homes, compelling. While I support a carbon tax with border adjustments, I remain cautious about ensuring transparency and equitable distribution. Overall, the package resonates with my values, though I’d like more clarity on implementation to prevent misuse and ensure fairness."
355.0,2,climate_policy_package,"Today’s reflections resonated with my values, especially the emphasis on fairness, community benefit, and systemic change. I found the push to stop new oil and gas licenses and the 2035 petrol and diesel ban compelling, as they align with my belief in environmental justice and long-term planning. I also support community ownership of renewables and a carbon price, though I stress the need for transparency and equitable revenue distribution. The focus on historical emissions and global responsibility was morally persuasive, and while the policy package feels comprehensive, I would want more detail on implementation to ensure fairness and accountability."
1904.0,1,climate_policy_package,"Today’s reflections challenged my assumptions about climate policy, particularly the economic impact of renewable subsidies and the fairness of shifting costs to households. I found the argument that net-zero policies transfer wealth from families to renewables compelling, as it aligns with my concerns about inequality and energy independence. I also resonated with the critique of banning petrol cars as a symbolic, impractical policy and the hidden costs of insulation mandates. However, I remain cautious about removing the carbon tax, recognizing the need to balance environmental goals with economic realities. While the message aligned with my right-of-centre views, I’m not fully convinced that scrapping all subsidies is the right approach—there’s a delicate balance between growth and responsibility."
1904.0,2,climate_policy_package,"Today’s reflections highlight messages that align with my values of economic practicality and stability. I found the argument against the carbon tax and renewable subsidies compelling, as they seem to lower costs and boost competitiveness. I also resonate with the push to drill in the North Sea for energy independence. However, I remain cautious about scrapping renewable subsidies entirely, recognizing the need for balance between growth and sustainability. While I agree that green housing mandates may impose unnecessary burdens, I still believe in the long-term importance of emissions reduction, though I’m more open to refining current policies rather than scrapping them outright."
1900.0,1,climate_policy_package,"Today’s reflections challenged my assumptions about renewable subsidies and petrol car bans, which I found compelling due to their focus on practicality and fairness. I pushed back on the dismissal of insulation mandates and deregulation, recognizing the need for balance between environmental goals and affordability. My thinking shifted toward a more nuanced view of trade-offs, leaving me uncertain about my stance on some policies."
1900.0,2,climate_policy_package,"Today's reflections challenged my assumptions about renewable subsidies and deregulation, making me reconsider their role in addressing the cost-of-living crisis. I found the argument against petrol car bans compelling due to their impact on working families, but I pushed back against dismissing insulation mandates as impractical. I'm now more cautious about deregulation's long-term environmental impact and more open to climate compensation, provided it's fair and transparent. My thinking shifted toward a more balanced view of trade-offs in energy policy."
620.0,1,climate_policy_package,"Today’s reflections made me more aware of the tension between environmental goals and economic impacts. I found the argument about renewable subsidies affecting struggling households compelling, as it highlights the need for fair policy design. I pushed back on the idea of banning petrol cars, as it seems to ignore financial realities for working families. The hidden costs of insulation upgrades also resonated, making me question policy fairness. I’m cautiously open to removing the carbon tax if it can lower bills without harming the environment. Overall, my thinking shifted toward a more critical view of how policies balance sustainability with affordability."
620.0,2,climate_policy_package,"Today’s reflections highlight my growing support for policies that prioritize economic fairness and practicality. I found the arguments for removing the carbon tax and ending renewable subsidies compelling, as they address rising electricity costs and financial strain on working families. Similarly, I agree that banning new oil and gas licenses could harm local jobs and energy security, and I see merit in scrapping the 2030 petrol car ban due to its cost and disruption. I also support simplifying green housing mandates to make home improvements more affordable. However, I remain skeptical of policies that prioritize global environmental goals over local realities, especially when they place additional burdens on already struggling households. My thinking has shifted toward valuing economic practicality and local needs over broad environmental mandates."
1454.0,1,climate_policy_package,"Today’s reflections made me reconsider the balance between environmental goals and economic fairness. I found the critique of renewable subsidies and petrol car bans compelling, as they highlight concerns about cost and practicality for working families. However, I pushed back against dismissing insulation mandates and carbon taxes, feeling they are essential for long-term sustainability. My thinking shifted toward a more nuanced approach, recognizing the need to balance environmental responsibility with affordability and social equity."
1454.0,2,climate_policy_package,"Today’s reflections made me reconsider the balance between environmental goals and economic fairness. I found the critique of renewable subsidies and petrol car bans compelling, as they highlight concerns about cost and practicality for working families. However, I pushed back against dismissing insulation mandates and carbon taxes, feeling they overlook real challenges. My thinking shifted toward a more nuanced approach, emphasizing the need for policies that address both sustainability and affordability."
1723.0,1,climate_policy_package,"Today's reflections made me reconsider some climate policies I once supported. I found the critique of Net Zero subsidies and petrol car bans compelling, as they highlight economic fairness and practicality. The argument for removing the carbon tax in favor of domestic power resonated with my preference for stability. However, I remain cautious about reducing environmental regulation. My thinking shifted toward balancing environmental goals with social impact, recognizing the need for policies that align with everyday realities."
1723.0,2,climate_policy_package,"Today’s reflections made me more aware of the tension between environmental goals and economic fairness. I found the arguments for removing carbon taxes, supporting domestic energy, and opposing abrupt car bans compelling, as they align with my focus on practicality and economic stability. However, I remain cautious about reducing environmental regulations and cutting foreign aid, as I believe in balancing progress with global equity. My thinking shifted slightly toward considering how policies can better reflect the lived realities of working families while still advancing sustainability."
806.0,1,climate_policy_package,"Today’s reflections reinforced my support for long-term, consistent climate action, including phasing out fossil fuels and investing in renewable energy. I found the link between environmental policy and social justice, such as upgrading cold homes, compelling and necessary. The carbon border adjustment and loss and damage finance ideas resonated with my belief in fairness and global responsibility. While I remain cautious about implementation details, I feel the overall policy aligns with my values and priorities."
806.0,2,climate_policy_package,"Today’s reflections reinforced my support for policies prioritizing community ownership and phasing out fossil fuels, aligning with my values of fairness and sustainability. I found the 2035 vehicle ban and carbon tax paired with ending new fossil fuel licenses compelling, though I remain cautious about ensuring the carbon fee and dividend is equitable. The emphasis on historical responsibility feels morally right, but I want clearer mechanisms for fair compensation. Overall, the policy package resonates with my beliefs, though I’d like to see stronger safeguards for inclusivity and transparency."
1269.0,1,climate_policy_package,"Today’s reflections reinforced my commitment to bold, long-term climate action, especially the need for renewable energy and phasing out fossil fuels. I was most persuaded by the emphasis on social justice, such as linking climate policy to health equity and supporting working-class families through infrastructure and dividends. I support a petrol car ban by 2030 but remain cautious about its cost implications. The separation of loss and damage finance from aid is convincing, as is the carbon tax with a dividend. While I agree with the call to stop new oil and gas licenses, I remain concerned about the transition’s fairness. Overall, the policy package aligns with my values, though I remain mindful of implementation challenges."
1269.0,2,climate_policy_package,"Today’s reflections reinforced my support for climate policies that prioritize fairness, long-term planning, and social justice. I found the emphasis on renewable community benefits and phasing out fossil fuel infrastructure compelling, as well as the 2035 petrol ban and carbon tax with dividend. I’m persuaded by the focus on proven solutions like heat pumps. However, I remain cautious about historical emissions compensation to prevent neocolonial implications. My thinking hasn’t shifted significantly, but I’m mindful of implementation challenges."
381.0,1,climate_policy_package,"Today’s reflections made me reconsider some of my assumptions about climate policy. I found the argument about renewable subsidies being a transfer from families to industry compelling, as it highlights fairness and efficiency concerns. I pushed back on the idea of banning new oil, gas, and coal licenses, as I value economic stability and support for workers. The cost of petrol car bans and retrofitting also raised valid concerns about affordability and practicality. While I agree with the need for environmental responsibility, I’m more cautious now about policies that seem to prioritize environmental goals over people’s real-world needs. My thinking shifted toward a more balanced approach that considers both climate and social impacts."
381.0,2,climate_policy_package,"Today’s message challenged my assumptions about climate policy, particularly the idea that environmental goals must come at the cost of economic stability. I found the arguments for removing the carbon tax and ending renewable subsidies compelling, as they highlight the impact on working families and competitiveness. I also resonated with the emphasis on supporting existing industries and a fair transition, especially regarding oil and gas drilling and the petrol car ban. However, I pushed back on the green housing mandates, seeing them as potentially impractical for struggling households. Overall, the message made me more cautious about the policy package, prompting me to rethink the balance between environmental goals and economic fairness."
1339.0,1,climate_policy_package,"Today’s messages reinforced my commitment to long-term renewable energy investment and opposition to new fossil fuel projects, which align with my values. I found the link between climate action and social justice, especially regarding cold homes, deeply compelling. The carbon tax with a dividend and border adjustments resonated as sound economic strategies. While I support the 2030 petrol car ban, I remain concerned about rural infrastructure needs. Overall, the policy package feels aligned with my beliefs, though I’d ensure fair transition support is in place."
1339.0,2,climate_policy_package,"Today’s reflections resonated with my values, especially the emphasis on community benefit from renewables and the need to break free from fossil fuel dependency. I found the 2035 petrol ban and carbon tax with dividend compelling, as they align with my belief in proactive climate action and fair market signals. I remain convinced of the necessity of these policies but still advocate for careful management of the transition, ensuring support for workers and addressing historical emissions responsibly. My thinking hasn’t shifted significantly, but I remain committed to ensuring fairness and equity in the implementation."
828.0,1,climate_policy_package,"Today, I found the emphasis on climate urgency, renewable energy, and banning new petrol cars by 2030 compelling, as they align with my values of sustainability and fairness. I support upgrading housing for energy efficiency and climate compensation for poorer nations, seeing them as essential for equity and justice. However, I remain cautious about the speed and scale of these changes, wanting more concrete plans to ensure a just transition without harming vulnerable communities. My thinking hasn’t shifted on the policy direction, but I’m more aware of the need for careful implementation."
828.0,2,climate_policy_package,"Today’s reflections highlight messages on fairness, sustainability, and equitable transition that align with my values. I found the emphasis on renewable community benefits, phasing out oil and gas, and supporting heat pumps in new housing compelling. The carbon tax with dividend also resonates as a fair approach. However, I remain cautious about the pace of change and the need for concrete safeguards and support for vulnerable communities. While I support the overall direction, I believe more detailed implementation plans and public engagement are essential to ensure equity and avoid unintended hardship."
252.0,1,climate_policy_package,"The message about shifting costs from families to renewables resonated with my concerns about equity, making me question the fairness of current policies. I agree with supporting domestic energy production for stability and local economies. I pushed back on the 2030 petrol ban, fearing it would harm working families, and am wary of insulation mandates due to their hidden costs. I’m open to removing the carbon tax to lower bills but want to ensure environmental goals aren’t compromised. I lean against climate compensation for other countries, favoring cause-and-effect responsibility. Overall, I think the policies need a more balanced approach that prioritizes fairness and economic stability alongside environmental goals."
252.0,2,climate_policy_package,"Today’s reflections highlight my mixed reactions to the policy message. I found the idea of lowering electricity bills through carbon tax removal compelling, as it aligns with fairness and affordability, though I remain concerned about long-term environmental goals. The push for North Sea drilling appeals to economic growth but raises environmental risks I’m unsure how to balance. The 2030 petrol ban feels too abrupt for working families, while simplifying green housing mandates resonates with my concerns about affordability. Cutting foreign aid feels patriotic, but I question its fit with global climate responsibilities. Overall, I’m skeptical of the current focus on environmental goals over economic stability, and I think a more balanced approach is needed."
1065.0,1,climate_policy_package,"Today’s reflections challenged my assumptions about climate policies. I found the argument about renewable subsidies impacting families compelling, as it resonated with my values of fairness and stability. I also questioned the practicality of banning petrol cars and housing mandates, which felt disruptive and burdensome. While I’ve supported carbon taxes, the critique about transferring wealth abroad made me rethink their fairness. Overall, the messages made me more aware of the need for balanced, community-focused policies."
1065.0,2,climate_policy_package,"Today’s reflections made me reconsider some assumptions about climate policy. I found the argument that renewable subsidies strain families compelling, as it aligns with my values of fairness and stability. I also pushed back on the idea of banning new oil and gas licenses, recognizing the economic risks for communities reliant on these industries. The critique of petrol car bans and housing mandates made me more cautious, highlighting hidden costs and practical challenges. While I still support a carbon tax and dividend, the message made me question its fairness and impact on local communities. Overall, the package prompted me to think more critically about balancing environmental goals with social and economic realities."
740.0,1,climate_policy_package,"Today’s reflections highlighted messages on long-term renewable funding and opposing new oil licenses as compelling, aligning with my values of sustainability and intergenerational equity. I found the emphasis on public EV charging and addressing health inequalities in cold homes particularly resonant, especially given my location. The border carbon adjustments idea intrigued me, though I remain cautious about its impact on domestic industries. Overall, I appreciated the holistic approach to climate policy, but I remain concerned about ensuring fair and equitable implementation, especially for lower-income communities."
740.0,2,climate_policy_package,"Today’s message resonated with my values, particularly its focus on long-term renewable energy planning and opposition to new fossil fuel licenses. I found the argument against oil and gas expansion compelling, especially given current climate impacts. The emphasis on public EV charging and addressing health inequalities in cold housing was practical and relevant to my region. I appreciated the carbon border adjustment idea as a tool for industrial strategy, though I remain cautious about its impact on domestic industries. Overall, the message felt balanced and socially conscious, though I’d like more clarity on equitable implementation."
1373.0,1,climate_policy_package,"Today’s reflections reinforced my support for long-term renewable energy planning and banning new fossil fuel licenses, as they align with my values of sustainability and fairness. I found the 2030 petrol car ban compelling when paired with charging infrastructure investment, and the focus on upgrading housing to address health inequalities resonated with me. The carbon tax with border adjustments and public dividends also seems fair, though I remain cautious about implementation details. While I’m more convinced by the policy overall, I still have concerns about the pace of the petrol ban and the need for clearer support mechanisms for lower-income households."
1373.0,2,climate_policy_package,"Today, I found the emphasis on community ownership and local investment in renewables compelling, as it aligns with my values of fairness and equal opportunity. I’m convinced that banning new oil and gas licenses is necessary to avoid long-term infrastructure traps. The phased petrol car ban by 2035, with a 2027 cut-off, feels more reasonable now, and I’m reassured by the feasibility of heat pumps. The carbon tax with public dividends also resonates, though I still want safeguards against economic disruption. While I appreciate the focus on historical emissions and the UK’s moral responsibility, I remain concerned about the speed of the transition and its impact on lower-income households, which need clearer addressing."
1833.0,1,climate_policy_package,"Today’s reflections challenged some of my assumptions about climate policies. I found the argument against renewable subsidies compelling, as it highlights the cost and dependency issues, though I still value moving away from fossil fuels. I pushed back on the petrol car ban due to cost concerns, but remain conflicted about pollution. I questioned the fairness of insulation mandates, emphasizing the need for support for low-income households. The carbon tax idea appealed to me, but I’m wary of government accountability. I also felt uneasy about compensating other countries, fearing unfair burden on British households. Overall, the package raises valid points, but I’m unsure if it fully addresses long-term environmental goals."
1833.0,2,climate_policy_package,"Today’s reflections challenged my views on renewable energy subsidies, making me reconsider their impact on household budgets, while I still see value in domestic energy production. I found the argument for scrapping the petrol car ban relatable, though I remain conflicted about balancing affordability with environmental concerns. Simplifying housing regulations appealed to me as more practical, but I worry about fairness without proper support. Removing the carbon tax on generation and lowering bills seems appealing for simplicity, but I’m still skeptical about its long-term environmental effectiveness."
238.0,1,climate_policy_package,"Today, I found the arguments about the economic impact of climate policies compelling, especially regarding renewable subsidies and the potential benefits of domestic energy production. I’m inclined to oppose the ban on new oil and gas licenses due to concerns about economic harm and energy cost stability. I also agree that banning petrol cars risks unfairly shifting costs onto working families without meaningful emission reductions. However, I pushed back against dismissing insulation and solar mandates, as I believe in long-term environmental benefits, though I remain cautious about implementation costs. The carbon tax idea intrigued me, but I want it structured fairly, particularly for lower-income households. I support climate compensation but advocate for a balanced approach that doesn’t unfairly burden British families."
238.0,2,climate_policy_package,"Today, I found the argument against renewable subsidies and the economic impact of climate policies compelling, as it aligns with my concerns about rising energy costs and the need for energy independence. I also pushed back on the ban on petrol cars, seeing it as impractical and unfair to working families. While I agree with the environmental value of insulation and solar panels, I remain cautious about their implementation due to cost and disruption. I found the carbon tax idea interesting but emphasized the need for fairness, especially for lower-income households. My thinking shifted slightly toward supporting a balanced approach that considers both environmental goals and economic realities."
1343.0,1,climate_policy_package,"Today’s reflections made me more convinced by arguments emphasizing economic fairness and practicality in climate policy. I found compelling the critique of renewable subsidies as a drain on public funds and the concern that banning petrol cars is a costly, impractical ""vanity project."" I also pushed back on insulation mandates and cross-border climate compensation, fearing they could burden households without clear benefits. My thinking shifted toward supporting cost-reduction measures and local energy independence, rather than costly, disruptive policies."
1343.0,2,climate_policy_package,"Today's reflections highlighted messages on reducing energy costs and supporting local industries that resonated with me, especially the idea of removing carbon taxes to lower bills and the argument against banning new oil and gas licenses. I found the critique of the 2030 petrol ban as a ""vanity project"" compelling, as it raised concerns about fairness and practicality. However, I remain cautious about scrapping green housing mandates, unsure how to balance short-term burdens with long-term sustainability. My thinking hasn’t shifted much on the policy’s core, but I’m more convinced by the emphasis on economic fairness and practical solutions."
416.0,1,climate_policy_package,"Today’s messages reinforced my commitment to climate action, especially the emphasis on long-term planning and banning new fossil fuel licenses. I found the focus on equity—like public charging infrastructure and cold homes—compelling, as it aligns with my belief in fair climate policy. The carbon border adjustment and loss and damage finance being separate from aid also resonated, as they promote fairness and avoid resource competition. While I agree with the overall approach, I remain cautious about ensuring transparency and community involvement in implementation. My thinking hasn’t shifted on the core policy positions, but I appreciate the holistic framing."
416.0,2,climate_policy_package,"Today’s reflections highlighted messages on fairness, community benefit, and the 2035 petrol ban that resonated with my values. I found the argument against new fossil fuel exploration compelling and support the carbon tax with dividend as a fair approach. However, I remain cautious about ensuring transparency and protecting vulnerable communities. My thinking on the UK’s historical emissions responsibility hasn’t shifted, but I want clearer mechanisms for accountability and support. Overall, the policy package aligns with my commitment to environmental and social justice."
155.0,1,climate_policy_package,"Today’s reflections challenged my assumptions about climate policy, making me reconsider the balance between environmental goals and economic fairness. I found the argument about renewable subsidies being a transfer from families to industry compelling, and I questioned the fairness of current approaches. I also appreciated the call to remove the carbon tax from generation as a practical relief, though I remain cautious about its long-term impact. However, I pushed back on the idea of banning petrol cars, as I value practicality, especially for older individuals. Overall, the message shifted my thinking toward the need for more balanced, fair policies that address both environmental and economic concerns."
155.0,2,climate_policy_package,"Today’s reflections made me reconsider the balance between environmental goals and economic fairness. I found the argument for removing carbon taxes and ending renewable subsidies compelling, as it could ease the cost-of-living crisis and support local industries, though I remain skeptical about its long-term environmental impact. I also appreciated the emphasis on practicality and stability, especially regarding petrol cars and green housing mandates, which resonate with my concerns about feasibility and affordability. However, I still believe in the need for long-term sustainability and fairness, and I’m still working through how to reconcile economic needs with environmental responsibility."
1635.0,1,climate_policy_package,"The message challenged my assumptions about climate policy, making me question the fairness of renewable subsidies and the impact of banning fossil fuels on local economies. I found the critique of petrol car bans and insulation costs compelling, as they highlight real financial burdens on working families. However, I pushed back against the dismissal of climate compensation, as I still believe in global responsibility. Overall, the reflection made me more aware of policy complexities and the need for a balanced, practical approach that considers both environmental and human impacts."
1635.0,2,climate_policy_package,"The message challenged my assumptions about climate policy, especially the balance between environmental goals and economic realities. I found the argument for removing the carbon tax and ending renewable subsidies compelling, as it addresses the cost-of-living crisis and local economic impacts. I also pushed back on the dismissal of climate compensation, believing in our moral responsibility to those affected by climate change. My thinking shifted toward the need for a more balanced, practical approach that considers both environmental and social impacts."
1382.0,1,climate_policy_package,"Today’s messages reinforced my commitment to urgent climate action, especially the emphasis on renewable funding and phasing out fossil fuels, which align with my values. I found the push for public EV charging and addressing health inequalities through housing upgrades compelling and necessary for a just transition. The carbon tax idea is persuasive as part of an industrial strategy, though I remain cautious about its implementation to avoid harming vulnerable regions. Overall, I’m convinced by the package’s focus on equity and long-term planning, but I want to ensure policies like carbon taxes are designed with careful attention to regional impacts."
1382.0,2,climate_policy_package,"Today’s reflections reinforced my belief in climate policy that prioritizes fairness and social equity, especially the emphasis on community ownership and local investment in renewables. I was convinced by the 2035 petrol and diesel ban and the 2027 sales cut-off, as well as the focus on heat pumps and retrofitting. The carbon tax with dividend aligned with my values of redistributive justice, though I remain cautious about its implementation. I agree with the emphasis on historical responsibility and the UK’s duty to support vulnerable nations. Overall, the policy package felt comprehensive, though I still want to ensure regional impacts are carefully considered."
1535.0,1,climate_policy_package,"Today’s reflections reinforced my support for policies promoting renewable energy, phasing out fossil fuels, and improving energy efficiency in housing. I found the emphasis on long-term planning, carbon taxes with public dividends, and climate compensation particularly compelling, as they align with my values of sustainability and equity. I remained supportive of the 2030 petrol car ban but acknowledged the need for infrastructure support. While I agree with the overall approach, I emphasized the importance of balancing innovation with fairness and respect for tradition in implementation."
1535.0,2,climate_policy_package,"Today, I found the emphasis on community ownership and local investment in renewables compelling, as it aligns with my values of fairness and social justice. I also supported the phase-out of petrol and diesel vehicles by 2035, seeing it as a proactive and feasible step. The carbon tax with public dividends resonated with me, as it promotes fairness and accountability. However, I remain cautious about ensuring the transition respects traditional ways and avoids new inequalities, particularly in transport and housing. While I appreciate the overall direction, I want more detail on implementation to guarantee equitable outcomes."
1404.0,1,climate_policy_package,"Today’s reflections highlight messages that align with my values, such as the urgency of climate action, renewable energy investment, and linking climate policy to social justice. I found the emphasis on public EV charging and carbon taxes with border adjustments compelling, though I’d want transparency in implementation. I pushed back slightly on the pace and scale of some policies, concerned about potential economic disruptions and the need for safeguards. My thinking didn’t shift significantly, but I recognize the need for more detail on how these policies will be managed fairly and practically."
1404.0,2,climate_policy_package,"The messages on renewable community benefits and banning new fossil fuel licenses resonated strongly with my values of fairness and sustainability. I found the 2035 petrol ban reasonable, especially with the 2027 cut-off, and appreciated the focus on heat pumps as a practical solution. The carbon tax with dividend seemed fair, though I remain cautious about its impact on lower incomes. I agree with supporting climate-vulnerable countries but want clearer transparency in compensation. Overall, the policy package aligns with my values, but I want more detail on implementation to ensure fairness and manageability."
1045.0,1,climate_policy_package,"Today’s reflections reinforced my support for strong climate action, particularly the push to stop new fossil fuel licenses and ban petrol cars by 2030, which align with my values of environmental justice and urgency. I found the emphasis on renewable infrastructure and social equity, like upgrading homes to reduce health inequalities, compelling and thought-provoking. I also agree with the carbon tax and loss and damage finance policies, though the latter was a new perspective for me. Overall, the policy package resonated with my beliefs, and I feel more confident in its approach to combining environmental protection with fairness."
1045.0,2,climate_policy_package,"The message reinforced my support for community ownership in renewables and stopping new oil/gas licenses, aligning with my values of fairness and sustainability. I appreciated the 2035 petrol/diesel ban paired with charging infrastructure, though I remain concerned about affordability for low-income households. The housing policy with non-fossil heating is supported, but I want to ensure subsidies are in place. The carbon tax with public distribution and climate compensation for poorer nations resonate with me, though I’d like transparency in compensation structures. Overall, the policy package feels well-rounded and aligned with my beliefs in environmental and social justice."
759.0,1,climate_policy_package,"Today’s reflections highlight my alignment with arguments that emphasize economic fairness and practicality in climate policy. I found compelling the critique of costly subsidies and the burden on working families from policies like banning petrol cars and imposing insulation mandates. I also support removing the carbon tax to lower electricity bills. However, I remain cautious about scrapping all subsidies, as I value tradition and the role of existing industries. While I appreciate the focus on domestic energy production and national sovereignty, I believe in a balanced approach that respects both progress and tradition. My thinking hasn’t shifted significantly, but I now lean more toward pragmatic, equitable solutions."
759.0,2,climate_policy_package,"Today’s reflections highlighted messages that resonated with my values of economic fairness and practicality, especially regarding the cost of Net Zero policies and the burden on working families. I found the critique of insulation mandates and the call to lower electricity bills compelling, as they align with my concern for household affordability. However, I remain cautious about scrapping all subsidies, valuing both tradition and the need for sustainable progress. My thinking shifted slightly toward supporting a balanced approach that prioritizes domestic energy production while respecting the need for climate action."
71.0,1,climate_policy_package,"Today’s reflections challenged my assumptions about climate policies. I found the argument that renewable subsidies transfer money from families to industry compelling, especially regarding fairness. I also resonated with the critique of banning petrol cars as a costly burden on working families. However, I pushed back on the idea that insulation mandates are impractical, preferring routine over disruption. The suggestion to remove carbon tax from generation intrigued me, though I remain unsure about its alignment with environmental goals. Overall, I’m more aware of the need to balance environmental aims with human impact, but I’m still uncertain about the best path forward."
71.0,2,climate_policy_package,"Today’s reflections challenged my assumptions about balancing environmental goals with people’s needs. I found the argument for removing the carbon tax from generation compelling, as it could ease hardship for families, aligning with my concern for everyday people. However, I pushed back on the 2030 petrol ban and green housing mandates, seeing them as disruptive and costly. I remain skeptical of a licence ban on oil and gas, valuing stability over change. My thinking shifted slightly on the need to consider both environmental and human impacts, making me more aware of the trade-offs in policy decisions."
424.0,1,climate_policy_package,"The messages on renewable energy and home upgrades resonated strongly with my values, especially their focus on stability and fairness. I support phasing out new oil and gas licenses and petrol cars, though I acknowledge the practical challenges and need for careful transition. The carbon tax with a dividend and climate compensation for vulnerable countries also align with my beliefs in equity and responsibility. While I’m convinced by the overall approach, I remain cautious about ensuring the transition respects routine and stability for everyday people."
424.0,2,climate_policy_package,"Today’s reflections reinforced my support for fairness and community involvement in renewable projects, as well as the 2035 petrol ban and carbon tax with dividend. I’m convinced that stopping new oil licenses is crucial for breaking environmental harm cycles. I’m also more open to home upgrades like heat pumps. However, I remain cautious about ensuring the transition respects routine and stability for everyday people. My thinking hasn’t shifted significantly, but I’m more persuaded by the emphasis on practical, community-focused solutions."
1213.0,1,climate_policy_package,"Today’s reflections highlight messages I found compelling, such as the urgency of addressing the climate emergency and the need to phase out fossil fuels, which align with my values. I support banning petrol cars by 2030 and a carbon tax with fair revenue distribution, though I remain cautious about economic impacts and implementation details. I push back slightly on the lack of specificity in ensuring fairness and respecting traditional ways of life. My thinking hasn’t shifted significantly, but I recognize the need for more clarity on implementation to ensure equity and sustainability."
1213.0,2,climate_policy_package,"Today’s reflections reinforced my belief in fairness and stability during the green transition, especially the push against new fossil fuel licenses and the 2035 petrol ban. I found the carbon tax paired with revenue redistribution compelling, though I want more clarity on its structure. I support scalable solutions like heat pumps and align with the emphasis on global responsibility, but I remain cautious to ensure policies respect traditional ways of life and maintain equity."
1496.0,1,climate_policy_package,"Today’s reflections challenged my assumptions about climate policy, particularly the fairness of renewable subsidies, which I now question as potentially harming lower-income families. I found the critique of petrol bans and focus on domestic energy compelling, as it aligns with my belief in practical, family-friendly solutions. However, I remain committed to environmental responsibility and sustainability, which creates tension with arguments against oil/gas licenses. I also hadn’t fully considered the hidden costs of housing mandates. Overall, I’m more cautious about the current approach, seeing it as prioritizing economics over environmental protection. My thinking shifted toward recognizing the complexity of balancing equity, practicality, and sustainability."
1496.0,2,climate_policy_package,"Today’s reflections made me reconsider my views on climate policy. I found the argument that renewable subsidies transfer costs to families compelling, as it challenges my assumptions about equity in green initiatives. I also agreed with the focus on practical, affordable solutions for working families. However, I pushed back against the idea that cancelling oil/gas licenses is economically harmful, as it conflicts with my commitment to long-term sustainability. The message made me more aware of the hidden costs of some environmental mandates, and I now question whether the current approach balances environmental and social goals effectively."
