ID,age,male_dummy,tprofile_GOR,profile_education_level,tprofile_gross_household,ethnicity_R,parent_dummy,Vote2019R,pastvote_EURef,Political_Left_Right,Selftransc_Val,Selfenh_Values,Openness,ConformTrad,SDO,EDO,RWA,page5posttreatment6_1,page5posttreatment6_4,page5posttreatment6_5,page5posttreatment6_7,page5posttreatment6_9,page5posttreatment6_11,ProClimatePolSupp
1230,41,0,2,16,13.0,1,1,3,1,5.0,4.5,2.0,2.75,4.0,1.75,3.166666667,3.75,5,4,3,4,4,4,4.0
112,56,1,1,17,7.0,1,0,1,2,6.0,5.0,1.75,4.25,4.5,3.75,5.0,4.833333333,1,1,1,1,1,1,1.0
1548,33,1,7,10,14.0,1,1,2,3,6.0,3.666666667,3.5,3.25,3.5,3.75,3.833333333,4.083333333,4,4,5,5,4,4,4.333333333
1624,49,0,9,16,6.0,1,1,1,1,3.0,4.166666667,2.0,3.25,4.5,3.0,2.5,3.0,4,4,3,6,4,2,3.833333333
1321,60,1,8,16,13.0,1,1,5,1,1.0,4.666666667,2.0,3.0,2.25,2.75,3.0,2.666666667,7,5,7,6,6,6,6.166666667
164,65,1,11,15,10.0,1,0,2,2,2.0,5.0,2.0,4.75,3.25,1.75,3.666666667,2.0,6,6,2,5,5,5,4.833333333
1519,24,0,3,16,8.0,2,0,7,3,4.0,3.166666667,3.75,3.75,3.25,3.75,3.166666667,4.333333333,4,5,4,3,5,4,4.166666667
1692,23,0,10,16,2.0,1,0,2,3,2.0,5.666666667,3.5,5.25,3.75,2.125,1.833333333,3.583333333,7,6,7,6,7,7,6.666666667
1273,58,0,6,11,13.0,1,1,2,1,2.0,6.0,1.5,4.75,2.25,3.125,1.833333333,2.666666667,6,7,5,7,3,5,5.5
612,77,1,4,15,9.0,1,1,1,2,4.0,4.833333333,2.5,3.5,3.0,3.125,3.666666667,3.0,6,4,2,6,2,4,4.0
743,58,1,7,16,13.0,1,0,1,1,3.0,4.333333333,3.25,3.75,1.5,1.5,2.666666667,1.666666667,7,5,3,7,3,1,4.333333333
269,56,0,7,11,6.0,1,1,2,1,4.0,4.666666667,1.5,3.0,1.75,1.375,1.5,1.0,7,7,7,7,7,7,7.0
864,65,0,7,16,12.0,2,1,2,1,6.0,5.5,3.25,4.75,5.25,2.5,1.833333333,4.166666667,6,4,6,7,6,5,5.666666667
1689,37,0,5,16,13.0,1,0,7,3,2.0,5.5,4.0,4.75,3.25,2.125,3.833333333,2.583333333,7,6,5,7,3,5,5.5
1100,21,0,8,11,7.0,1,0,7,3,4.0,4.833333333,5.75,4.75,4.5,3.875,3.5,3.666666667,6,3,1,1,1,1,2.166666667
1745,23,0,8,11,14.0,1,0,1,3,2.0,4.0,2.75,2.0,3.0,3.375,4.166666667,3.0,7,5,5,5,5,3,5.0
187,73,0,9,9,5.0,1,1,1,2,5.0,4.5,3.0,4.0,5.5,2.875,3.166666667,3.25,5,2,1,2,4,4,3.0
901,39,1,1,11,5.0,1,0,1,2,5.0,2.666666667,2.75,3.25,2.25,5.375,6.666666667,3.833333333,7,3,4,7,1,1,3.833333333
415,58,0,9,17,11.0,1,0,3,1,5.0,4.833333333,3.25,4.0,2.5,2.875,2.166666667,2.666666667,6,6,3,6,5,5,5.166666667
641,23,1,11,15,2.0,1,0,7,3,2.0,5.333333333,1.5,4.0,1.5,1.125,1.833333333,2.083333333,7,7,7,6,5,5,6.166666667
1103,49,1,11,17,14.0,1,1,6,1,2.0,4.333333333,2.25,3.5,2.25,1.75,5.333333333,2.083333333,7,6,6,7,6,4,6.0
684,25,0,7,16,12.0,1,0,2,3,1.0,5.666666667,3.0,3.0,1.5,1.0,1.5,2.0,7,7,7,7,7,7,7.0
679,73,1,8,1,7.0,1,1,1,2,4.0,5.333333333,2.75,3.75,5.5,3.0,3.333333333,5.0,6,5,3,7,5,3,4.833333333
605,74,0,9,9,8.0,1,1,7,3,6.0,4.333333333,2.25,3.0,5.0,4.375,1.833333333,5.083333333,7,6,1,7,1,3,4.166666667
493,55,0,7,15,2.0,1,1,1,1,4.0,6.0,1.5,4.0,4.5,2.5,2.0,1.833333333,7,7,7,7,7,7,7.0
1369,31,1,5,16,13.0,3,1,2,2,7.0,4.166666667,4.75,4.5,4.75,3.75,4.666666667,4.916666667,5,2,2,5,5,7,4.333333333
171,36,0,9,17,2.0,1,0,1,3,3.0,2.666666667,1.5,4.25,2.75,3.125,3.166666667,3.25,5,4,4,5,5,3,4.333333333
1340,51,1,9,11,2.0,1,0,7,1,4.0,5.333333333,2.5,4.5,4.25,2.25,2.833333333,3.5,7,2,7,7,2,4,4.833333333
138,56,1,8,8,9.0,1,1,1,2,4.0,4.166666667,2.0,2.5,4.75,3.875,2.5,4.0,5,4,1,6,4,2,3.666666667
1308,35,1,7,16,13.0,1,0,6,1,2.0,4.666666667,3.25,3.5,4.25,2.0,1.666666667,3.333333333,7,6,7,7,7,7,6.833333333
1744,64,1,4,9,5.0,1,1,7,3,4.0,4.333333333,2.75,4.0,4.0,3.125,3.333333333,3.5,4,4,3,5,4,3,3.833333333
1824,36,1,8,17,13.0,1,0,7,2,4.0,4.166666667,3.75,4.75,1.0,4.375,4.5,2.166666667,2,1,1,1,1,1,1.166666667
550,73,1,8,5,7.0,1,1,1,1,4.0,4.666666667,2.25,3.25,4.5,3.625,4.166666667,4.416666667,4,2,2,6,2,3,3.166666667
1938,23,1,3,1,11.0,4,1,1,3,4.0,4.833333333,5.0,4.75,5.0,3.75,4.833333333,4.333333333,6,3,7,7,5,5,5.5
925,80,0,10,13,5.0,1,1,3,1,3.0,4.5,1.5,3.0,3.75,3.25,3.833333333,3.25,5,4,3,7,4,4,4.5
107,70,0,4,16,8.0,1,1,3,1,3.0,5.166666667,2.5,4.5,3.75,2.0,5.166666667,3.416666667,5,4,2,2,4,1,3.0
1703,23,1,2,16,1.0,3,1,7,3,5.0,2.0,2.0,2.5,2.75,4.75,4.166666667,3.75,2,3,1,3,4,5,3.0
1382,35,1,11,16,14.0,2,0,6,1,2.0,5.666666667,3.5,5.25,4.0,3.5,4.5,3.333333333,5,4,2,7,6,5,4.833333333
1923,32,0,10,17,9.0,1,0,5,1,2.0,4.833333333,1.5,5.0,1.0,1.625,1.0,1.833333333,5,5,5,5,4,4,4.666666667
1037,57,1,1,15,11.0,1,1,7,2,5.0,5.0,2.25,3.0,4.75,4.25,4.833333333,3.333333333,7,7,7,7,6,1,5.833333333
1462,33,1,7,9,14.0,1,1,7,3,5.0,3.666666667,3.5,3.25,3.75,4.375,5.333333333,4.083333333,5,4,5,4,4,5,4.5
198,34,1,4,17,9.0,1,0,2,1,4.0,3.0,3.0,3.0,3.5,4.0,4.0,4.083333333,6,4,4,5,4,4,4.5
1122,37,0,10,13,5.0,1,1,7,1,4.0,4.833333333,5.0,5.75,4.75,2.0,2.166666667,2.833333333,4,7,1,7,7,7,5.5
1325,62,1,9,16,3.0,1,1,3,1,1.0,5.333333333,3.25,3.5,4.0,2.25,4.0,2.5,6,4,3,7,5,4,4.833333333
893,31,0,11,16,13.0,1,0,2,1,1.0,5.833333333,3.25,4.75,1.5,1.5,3.166666667,1.916666667,7,7,5,7,7,5,6.333333333
1566,33,1,7,9,14.0,1,1,2,3,5.0,4.0,4.5,4.0,4.5,4.0,4.833333333,4.0,5,5,5,5,4,5,4.833333333
418,66,1,9,15,6.0,1,0,1,2,6.0,3.0,1.5,2.25,3.5,3.5,3.666666667,3.583333333,1,1,1,2,1,1,1.166666667
583,57,1,2,17,3.0,1,0,2,1,1.0,4.5,2.25,3.0,3.25,2.375,3.333333333,2.75,7,7,7,7,7,7,7.0
565,36,0,4,14,3.0,1,1,7,2,4.0,6.0,2.0,3.25,4.5,1.125,2.166666667,2.916666667,7,3,3,6,4,1,4.0
1008,28,0,11,15,6.0,1,0,7,1,4.0,4.666666667,4.25,4.5,4.5,4.25,2.166666667,3.5,5,6,6,6,4,5,5.333333333
587,79,0,6,1,5.0,1,0,1,2,4.0,4.833333333,4.0,4.25,4.75,3.125,4.0,4.166666667,5,4,5,3,4,3,4.0
790,35,0,9,16,1.0,1,0,3,1,2.0,4.0,2.75,4.25,3.25,1.625,2.666666667,2.083333333,6,3,5,6,5,6,5.166666667
1479,23,0,7,16,4.0,2,0,7,3,2.0,4.166666667,4.0,5.0,3.0,2.875,3.833333333,3.5,5,6,5,6,5,5,5.333333333
1379,49,1,8,17,12.0,1,1,1,2,5.0,4.5,3.25,3.75,3.75,4.0,4.666666667,3.916666667,6,4,3,4,4,5,4.333333333
1388,60,0,6,16,10.0,1,1,1,1,5.0,5.5,3.0,4.75,4.75,2.0,3.5,4.0,6,4,4,7,2,3,4.333333333
1287,32,0,4,16,15.0,1,1,2,1,2.0,4.166666667,3.75,3.5,4.25,3.25,3.0,4.083333333,5,3,3,5,5,4,4.166666667
68,43,1,6,16,13.0,2,1,2,2,4.0,3.833333333,1.75,4.25,1.75,1.25,4.5,3.0,7,7,7,7,7,4,6.5
963,30,1,3,17,11.0,1,0,3,1,1.0,5.166666667,1.0,2.5,2.5,1.0,1.0,2.5,7,7,5,5,7,4,5.833333333
1413,29,0,5,16,9.0,1,1,5,1,5.0,5.166666667,2.75,3.75,2.75,1.5,2.5,3.25,6,6,6,7,6,6,6.166666667
728,25,0,2,11,12.0,1,0,7,3,3.0,4.0,1.75,4.25,2.0,3.75,2.5,2.666666667,7,5,7,7,4,1,5.166666667
890,29,0,2,16,11.0,1,0,2,1,2.0,5.5,3.75,3.75,4.25,1.625,4.333333333,3.333333333,7,5,5,7,4,5,5.5
736,43,1,9,16,15.0,4,1,1,2,5.0,4.0,2.75,3.0,4.75,3.375,3.5,3.666666667,7,5,7,7,6,1,5.5
402,72,0,2,9,13.0,1,1,4,2,5.0,3.5,1.75,2.5,4.0,4.0,4.166666667,3.333333333,6,1,1,6,1,1,2.666666667
526,64,1,2,5,14.0,1,1,1,2,5.0,4.166666667,2.75,2.75,5.25,3.375,5.333333333,5.416666667,4,1,1,1,1,1,1.5
1815,33,0,8,13,14.0,1,0,7,3,5.0,5.666666667,2.25,4.25,3.5,2.375,3.5,2.416666667,7,6,7,7,4,4,5.833333333
858,28,0,7,16,13.0,2,0,2,3,2.0,4.333333333,2.75,4.0,3.5,1.875,3.833333333,3.666666667,5,4,5,5,5,4,4.666666667
887,40,0,5,11,7.0,1,0,7,3,6.0,5.333333333,2.25,5.5,2.0,1.0,1.666666667,1.416666667,7,7,5,6,5,5,5.833333333
1805,30,0,7,17,14.0,4,0,7,3,3.0,4.0,3.5,4.75,1.5,3.875,3.833333333,3.25,5,5,4,5,4,4,4.5
218,54,1,8,17,13.0,1,1,2,2,3.0,5.166666667,2.5,3.5,5.0,2.625,4.0,3.583333333,6,5,5,6,6,5,5.5
1509,36,0,2,16,12.0,1,1,2,1,2.0,5.333333333,2.25,4.0,2.75,1.375,2.666666667,2.166666667,7,7,7,7,6,6,6.666666667
333,73,0,10,17,14.0,1,1,3,1,3.0,5.833333333,1.75,5.0,2.0,2.75,1.5,2.75,6,5,4,7,6,6,5.666666667
902,65,1,10,8,8.0,1,1,7,3,4.0,4.0,2.5,2.5,5.25,2.375,3.833333333,4.333333333,2,4,3,5,5,2,3.5
1962,35,1,7,16,15.0,1,0,2,1,4.0,5.0,2.5,4.25,3.0,1.375,4.0,3.25,6,6,6,6,6,5,5.833333333
1498,25,0,4,16,5.0,3,1,7,3,5.0,5.166666667,4.0,4.25,3.75,2.25,4.0,3.916666667,7,6,6,6,6,6,6.166666667
1530,49,0,10,17,8.0,1,1,7,2,2.0,5.666666667,3.0,4.25,2.5,1.375,3.166666667,2.333333333,6,7,3,6,5,7,5.666666667
1658,32,1,2,16,12.0,1,0,5,1,2.0,2.666666667,3.25,2.75,2.0,3.875,4.666666667,2.833333333,6,5,4,7,5,4,5.166666667
812,43,1,7,11,5.0,3,0,2,1,2.0,5.833333333,2.0,3.0,5.25,1.625,3.0,2.25,6,1,1,2,7,6,3.833333333
1292,49,0,6,16,13.0,1,1,1,2,5.0,5.0,4.75,4.75,5.0,3.625,6.166666667,4.5,7,2,2,5,3,1,3.333333333
1690,18,0,8,11,1.0,1,0,7,3,1.0,5.166666667,2.5,4.0,1.5,1.25,3.333333333,1.666666667,7,7,7,6,3,5,5.833333333
1811,34,1,6,9,9.0,1,0,1,2,6.0,4.166666667,4.0,4.5,4.25,4.25,3.5,4.583333333,5,4,4,3,2,6,4.0
207,59,1,8,9,11.0,1,1,1,2,5.0,4.166666667,2.25,3.0,5.0,2.625,7.0,4.333333333,7,1,1,7,4,1,3.5
1812,76,1,9,3,3.0,1,1,1,2,4.0,4.333333333,4.25,4.25,4.25,3.0,4.333333333,3.666666667,7,4,7,6,7,4,5.833333333
307,76,1,1,16,9.0,1,1,1,1,5.0,5.166666667,2.25,4.75,4.75,3.125,4.5,5.0,4,1,1,7,2,2,2.833333333
1009,74,1,3,16,13.0,1,0,2,1,1.0,6.0,1.25,2.25,2.75,1.0,1.0,1.25,7,7,7,7,7,7,7.0
511,26,1,7,16,10.0,2,0,2,1,2.0,6.0,4.5,4.75,2.25,2.5,1.0,2.25,6,6,6,6,6,6,6.0
1668,60,0,4,13,9.0,1,0,3,2,4.0,4.833333333,1.5,3.5,5.0,3.0,3.333333333,2.833333333,7,4,2,6,4,5,4.666666667
1611,66,0,8,11,6.0,1,1,5,2,4.0,5.166666667,1.0,3.75,5.0,2.625,2.333333333,4.166666667,7,4,2,7,4,1,4.166666667
979,25,0,11,16,6.0,1,0,7,3,1.0,5.333333333,3.25,4.75,2.5,1.625,2.666666667,2.833333333,7,6,6,7,7,5,6.333333333
1301,23,0,8,11,13.0,1,1,2,3,4.0,6.0,2.5,4.75,5.0,1.875,1.666666667,4.333333333,6,5,7,7,7,6,6.333333333
125,57,1,8,16,14.0,1,1,1,1,5.0,5.833333333,4.0,5.0,5.0,3.125,4.0,3.833333333,6,4,3,7,1,2,3.833333333
275,42,1,4,16,13.0,1,1,2,2,3.0,4.0,2.5,4.5,3.0,2.625,2.5,2.75,5,6,3,5,5,3,4.5
531,69,0,7,15,11.0,1,1,2,1,2.0,6.0,2.75,5.5,5.25,1.0,2.833333333,2.583333333,7,7,6,7,7,7,6.833333333
1761,24,0,3,16,10.0,1,0,2,3,2.0,5.0,2.75,4.25,3.25,1.625,2.166666667,3.5,7,6,3,6,7,5,5.666666667
830,35,1,9,17,13.0,1,1,5,1,2.0,5.5,3.25,4.25,3.0,1.25,2.166666667,2.416666667,7,7,6,6,6,7,6.5
1819,18,0,2,9,2.0,1,0,7,3,1.0,5.0,2.0,3.75,2.5,2.125,3.333333333,1.5,7,7,7,7,7,6,6.833333333
1607,25,1,7,16,7.0,1,0,2,3,4.0,4.166666667,4.25,4.75,3.0,3.0,4.833333333,3.416666667,7,3,5,6,7,2,5.0
48,51,1,9,16,7.0,1,1,1,2,7.0,2.0,3.0,2.5,2.0,5.5,5.833333333,3.75,1,1,1,1,1,1,1.0
1879,18,0,11,12,2.0,1,0,7,3,2.0,5.0,4.75,3.5,4.5,3.5,4.666666667,2.916666667,6,5,5,6,5,5,5.333333333
1351,62,0,9,17,14.0,1,1,3,1,5.0,5.5,3.5,4.5,4.25,2.125,3.5,3.75,7,7,6,7,6,6,6.5
968,19,0,8,11,13.0,1,0,7,3,2.0,5.333333333,4.0,3.5,2.75,1.125,3.333333333,2.416666667,7,7,7,7,7,7,7.0
382,69,1,4,16,9.0,1,0,1,2,6.0,4.333333333,3.0,3.5,4.5,4.625,6.333333333,4.583333333,5,3,4,6,2,2,3.666666667
1006,41,0,3,9,5.0,1,0,2,1,6.0,4.333333333,1.75,2.5,4.5,3.25,4.166666667,2.916666667,5,6,4,6,6,1,4.666666667
1285,62,1,2,11,2.0,1,0,1,1,4.0,5.0,2.25,5.0,2.5,2.875,3.666666667,2.833333333,7,6,5,5,7,4,5.666666667
1678,41,0,8,17,13.0,1,1,2,1,3.0,4.833333333,2.5,3.75,2.5,2.5,2.333333333,2.583333333,7,6,7,7,5,5,6.166666667
838,26,1,5,16,5.0,2,0,7,1,5.0,5.0,3.0,4.5,5.5,2.125,4.0,5.25,7,4,6,7,4,4,5.333333333
160,70,1,11,6,11.0,1,1,6,1,3.0,5.0,2.5,3.0,4.25,2.875,2.833333333,3.75,6,3,3,5,5,4,4.333333333
209,57,1,5,2,12.0,1,0,1,2,6.0,4.5,3.5,3.25,4.25,3.375,1.5,4.583333333,7,5,7,7,6,4,6.0
1396,37,0,5,17,8.0,2,1,7,3,4.0,3.666666667,3.5,3.5,3.5,4.0,4.666666667,4.083333333,4,4,5,4,4,5,4.333333333
363,68,1,3,5,8.0,1,1,1,1,5.0,3.0,2.5,2.5,5.0,4.875,4.5,3.833333333,5,4,2,7,4,1,3.833333333
1660,18,1,7,9,1.0,3,0,7,3,2.0,4.333333333,4.0,4.25,3.0,2.625,4.666666667,3.166666667,6,1,4,6,6,7,5.0
846,38,0,7,16,14.0,1,1,2,1,2.0,5.333333333,3.5,3.5,2.25,1.75,4.833333333,2.416666667,7,7,7,7,4,6,6.333333333
435,31,1,10,11,13.0,1,0,2,1,3.0,4.166666667,2.0,4.0,2.0,3.25,4.0,2.833333333,5,1,5,5,7,6,4.833333333
645,68,0,9,16,10.0,1,1,3,1,2.0,5.666666667,3.75,5.25,3.0,2.875,3.666666667,3.0,7,7,3,7,6,7,6.166666667
892,53,1,8,11,14.0,1,1,3,1,2.0,4.0,3.25,3.75,3.5,3.0,3.5,3.25,7,7,7,7,7,6,6.833333333
704,67,0,9,9,2.0,1,0,1,2,6.0,4.5,3.75,4.5,5.0,5.0,1.0,5.25,7,3,1,6,1,1,3.166666667
103,49,1,6,9,14.0,4,1,2,2,3.0,5.666666667,3.25,3.5,3.75,1.625,4.333333333,3.75,7,2,2,7,7,1,4.333333333
405,72,1,8,6,5.0,1,1,1,2,4.0,3.666666667,1.75,2.0,4.0,4.0,1.5,3.333333333,6,3,2,6,6,2,4.166666667
668,33,0,8,16,6.0,1,0,2,1,3.0,6.0,2.25,3.75,2.75,1.375,1.0,1.416666667,7,7,7,7,7,4,6.5
1143,29,0,9,16,8.0,1,0,2,1,2.0,5.5,2.25,4.75,1.25,1.375,2.166666667,2.166666667,7,4,5,6,5,5,5.333333333
403,68,1,11,13,7.0,1,1,2,2,3.0,4.166666667,3.0,2.75,4.25,3.75,4.833333333,4.25,7,1,4,7,4,4,4.5
147,72,1,9,15,3.0,1,1,1,2,6.0,4.333333333,3.5,4.0,3.75,4.75,4.833333333,4.166666667,2,1,1,7,4,1,2.666666667
1111,54,1,8,16,5.0,1,1,3,1,2.0,5.666666667,2.5,5.25,3.0,2.0,2.0,2.083333333,6,6,5,7,4,5,5.5
17,52,0,11,9,2.0,1,0,1,2,5.0,4.0,1.25,3.5,3.0,3.0,3.333333333,3.916666667,4,4,2,2,4,1,2.833333333
1712,76,1,9,16,6.0,1,1,1,2,6.0,3.5,5.75,5.25,5.75,3.875,5.0,5.166666667,3,1,1,3,1,1,1.666666667
1432,29,1,7,17,13.0,1,1,3,2,5.0,5.166666667,3.25,4.5,3.5,2.5,3.666666667,3.333333333,7,3,6,6,6,6,5.666666667
619,38,0,2,15,13.0,1,0,2,1,3.0,5.166666667,1.75,3.5,2.75,2.5,3.166666667,2.583333333,7,6,7,7,7,5,6.5
560,33,0,3,16,5.0,2,0,7,3,4.0,4.0,2.75,3.25,3.5,3.125,3.5,3.5,5,4,4,4,4,4,4.166666667
1082,51,0,6,13,14.0,2,1,2,1,4.0,4.833333333,4.5,3.25,4.0,3.5,4.833333333,3.0,6,7,3,5,4,4,4.833333333
1158,23,0,6,6,11.0,1,0,1,3,7.0,3.5,2.75,3.25,3.75,3.125,2.5,4.416666667,4,4,2,5,4,3,3.666666667
1651,64,0,1,17,13.0,1,0,3,1,2.0,5.333333333,1.5,5.25,1.25,1.625,2.5,2.833333333,2,4,3,7,4,6,4.333333333
783,38,0,8,16,12.0,1,1,1,1,5.0,4.5,1.75,3.75,3.25,3.625,6.166666667,3.083333333,4,3,5,4,5,5,4.333333333
799,78,1,3,16,7.0,1,0,3,1,5.0,4.5,2.0,3.0,4.25,4.125,4.0,3.916666667,7,2,1,7,6,2,4.166666667
1957,36,1,7,1,13.0,1,0,2,3,2.0,4.5,3.5,4.0,3.0,1.5,2.5,2.916666667,7,7,7,7,7,5,6.666666667
1131,72,0,6,11,3.0,1,1,2,2,2.0,4.666666667,2.75,3.5,3.25,1.875,2.666666667,2.833333333,5,7,2,5,6,2,4.5
927,66,0,5,9,5.0,1,0,7,1,4.0,3.666666667,2.0,2.5,4.5,3.625,3.833333333,3.916666667,5,6,4,4,5,4,4.666666667
1066,37,0,5,17,6.0,1,0,2,1,2.0,4.5,4.0,5.5,3.5,2.625,3.833333333,3.5,6,5,3,6,5,2,4.5
1186,50,1,11,17,11.0,2,1,7,3,3.0,3.833333333,2.5,3.0,4.0,3.625,4.0,4.083333333,5,4,3,5,3,4,4.0
1051,56,1,8,17,10.0,1,0,7,3,1.0,5.333333333,2.25,3.75,2.25,1.5,3.666666667,3.5,7,7,7,7,7,7,7.0
941,35,1,7,11,13.0,1,0,7,3,4.0,5.0,3.25,5.25,3.75,2.5,2.5,2.75,5,6,6,7,6,6,6.0
1865,40,1,3,1,9.0,1,1,7,3,5.0,4.0,2.0,3.25,4.0,2.375,2.666666667,3.583333333,5,4,5,5,5,4,4.666666667
803,32,1,2,16,8.0,1,0,2,1,1.0,5.833333333,2.75,3.75,1.0,2.75,2.833333333,2.416666667,7,4,7,7,4,4,5.5
1298,52,1,6,16,14.0,1,1,1,2,6.0,4.666666667,2.0,4.75,4.75,3.625,4.666666667,3.583333333,5,1,1,3,1,1,2.0
499,63,1,10,13,5.0,1,1,1,2,3.0,4.166666667,2.0,3.25,4.75,3.875,3.0,4.166666667,7,6,5,7,5,2,5.333333333
484,72,0,2,1,3.0,1,1,1,2,4.0,3.833333333,2.0,2.5,4.0,2.75,2.333333333,3.833333333,5,4,3,5,4,4,4.166666667
1606,24,0,7,16,3.0,3,0,7,3,2.0,4.5,4.5,4.25,2.5,1.0,1.833333333,2.083333333,5,7,7,7,5,7,6.333333333
826,81,1,8,16,7.0,1,1,1,1,6.0,5.333333333,3.5,5.25,5.0,2.0,2.166666667,4.5,5,3,2,5,1,5,3.5
149,75,1,11,16,11.0,1,1,6,1,2.0,5.333333333,2.5,3.0,2.25,2.375,4.0,2.666666667,6,6,6,6,6,4,5.666666667
1492,23,0,4,11,12.0,1,0,2,3,2.0,5.333333333,3.0,3.75,2.75,2.75,3.5,3.0,5,5,4,6,4,4,4.666666667
1485,71,1,8,15,7.0,1,0,3,1,5.0,6.0,6.0,6.0,6.0,4.0,4.166666667,4.0,6,1,1,5,4,4,3.5
1644,36,0,8,17,4.0,1,1,5,1,4.0,5.833333333,2.0,5.5,4.25,2.25,2.666666667,3.166666667,5,5,5,7,5,5,5.333333333
328,80,1,6,11,6.0,1,0,1,2,4.0,4.833333333,2.25,3.75,2.75,3.375,3.5,3.25,7,2,2,6,5,6,4.666666667
444,36,0,10,16,11.0,2,1,2,1,4.0,3.666666667,2.75,3.5,3.25,2.0,1.0,3.166666667,7,4,2,7,6,1,4.5
82,68,1,3,14,10.0,1,1,1,2,3.0,3.5,2.75,2.25,3.5,3.75,3.333333333,3.75,7,3,1,6,4,6,4.5
66,65,0,2,4,4.0,1,0,1,2,6.0,3.333333333,1.75,2.75,4.75,5.125,2.5,5.0,2,4,1,7,4,1,3.166666667
1429,31,0,7,17,15.0,2,1,1,2,5.0,3.666666667,3.25,3.0,3.25,4.125,3.666666667,3.833333333,6,5,5,4,4,4,4.666666667
264,73,1,8,16,10.0,1,1,2,1,3.0,4.666666667,3.75,5.25,2.5,3.0,1.666666667,3.083333333,7,6,5,7,6,5,6.0
110,43,0,3,9,13.0,1,1,2,1,2.0,5.5,2.25,3.75,4.0,1.75,2.5,2.25,6,6,3,6,6,6,5.5
1425,65,1,2,16,11.0,1,1,2,1,4.0,5.333333333,3.75,3.75,5.0,2.0,1.166666667,3.333333333,5,3,2,6,4,4,4.0
513,20,0,10,1,6.0,1,0,7,3,3.0,5.833333333,2.5,4.5,4.75,1.25,3.166666667,2.5,7,4,4,7,4,1,4.5
1317,23,1,10,16,7.0,2,0,7,3,1.0,5.166666667,2.5,3.5,1.5,1.25,2.833333333,3.0,7,6,7,7,7,3,6.166666667
1670,59,1,10,8,5.0,1,1,1,2,6.0,4.5,2.0,3.25,6.0,6.0,5.166666667,4.583333333,6,1,1,3,1,1,2.166666667
662,53,1,3,17,13.0,2,1,5,1,4.0,3.0,2.0,2.25,2.75,4.25,3.166666667,3.916666667,7,7,7,3,6,6,6.0
454,59,0,3,11,13.0,1,0,1,2,6.0,2.666666667,2.75,2.25,3.0,4.875,4.5,4.25,2,1,1,2,1,1,1.333333333
5,69,1,3,16,9.0,1,1,2,1,2.0,4.5,2.5,2.5,3.25,4.0,2.833333333,2.75,7,5,7,7,7,6,6.5
816,46,0,6,5,5.0,3,1,2,1,7.0,6.0,3.5,5.5,5.0,2.5,2.666666667,4.416666667,7,4,7,6,7,7,6.333333333
996,67,1,3,17,11.0,1,0,3,1,3.0,5.0,2.0,4.0,3.0,2.625,4.333333333,3.833333333,6,3,2,7,4,5,4.5
1909,28,1,10,16,12.0,1,0,2,1,2.0,5.5,3.5,5.5,2.75,1.25,5.833333333,3.583333333,7,3,2,7,6,4,4.833333333
1282,36,0,7,16,13.0,2,1,2,1,3.0,4.166666667,3.0,3.5,4.25,4.0,4.166666667,2.833333333,5,4,4,5,4,4,4.333333333
1514,27,1,7,17,14.0,2,0,2,1,2.0,4.5,1.75,4.0,3.25,2.0,3.0,2.833333333,7,6,6,4,7,5,5.833333333
582,58,0,2,14,9.0,1,1,7,3,3.0,3.0,1.75,3.5,2.5,3.125,3.666666667,3.833333333,5,4,2,6,4,3,4.0
1833,58,1,6,1,11.0,1,1,7,3,4.0,4.166666667,3.25,3.25,4.0,4.125,3.333333333,4.166666667,4,4,3,4,4,4,3.833333333
121,74,1,6,16,6.0,1,0,3,1,6.0,4.666666667,4.25,5.5,4.75,3.5,4.5,2.416666667,7,7,7,7,7,4,6.5
130,33,0,8,16,14.0,1,0,2,1,3.0,5.333333333,4.0,6.0,3.5,2.25,2.0,3.166666667,7,7,7,7,5,3,6.0
551,71,0,10,11,6.0,1,0,1,2,3.0,4.0,2.0,2.75,4.25,3.375,3.333333333,3.833333333,7,5,3,6,4,4,4.833333333
661,78,1,7,6,3.0,1,1,3,2,4.0,5.0,2.0,4.75,4.75,2.625,1.833333333,3.583333333,7,4,4,6,4,4,4.833333333
196,42,1,9,17,14.0,1,1,3,1,3.0,4.166666667,2.75,3.0,3.0,2.875,3.0,3.5,7,6,7,6,7,4,6.166666667
321,72,0,9,16,3.0,1,1,2,1,3.0,6.0,2.5,4.5,3.75,2.125,1.0,2.583333333,7,7,7,7,6,4,6.333333333
986,54,0,7,17,13.0,3,0,1,2,4.0,6.0,4.0,4.75,5.25,1.75,2.166666667,2.75,7,7,7,7,7,7,7.0
631,63,1,7,16,5.0,1,0,7,1,4.0,5.166666667,2.25,5.25,5.75,3.0,4.5,4.5,7,4,4,6,4,5,5.0
541,36,0,6,17,5.0,4,0,7,3,3.0,6.0,1.75,4.75,2.5,1.125,1.0,2.416666667,4,7,7,6,7,7,6.333333333
1005,62,0,10,17,8.0,1,1,2,1,3.0,5.0,2.0,3.75,3.5,3.875,4.0,3.75,7,3,3,6,5,3,4.5
1639,24,1,5,16,14.0,3,1,1,3,7.0,4.666666667,4.0,4.0,4.5,4.375,5.0,4.0,4,4,4,4,4,4,4.0
383,67,0,9,1,5.0,1,1,1,2,4.0,4.333333333,3.0,3.75,4.5,3.75,3.666666667,3.75,6,3,2,6,1,5,3.833333333
1097,24,0,5,11,6.0,1,0,2,3,3.0,4.166666667,2.25,2.75,2.5,3.375,3.5,2.833333333,6,4,5,5,4,4,4.666666667
1240,49,0,3,9,12.0,1,1,1,2,4.0,5.333333333,2.25,5.5,5.25,2.25,2.0,3.666666667,7,4,4,5,5,3,4.666666667
727,54,1,7,15,6.0,4,1,2,3,5.0,1.666666667,4.75,3.75,1.0,2.125,2.5,3.5,7,7,7,7,7,4,6.5
691,45,0,9,16,12.0,1,0,1,1,5.0,6.0,4.5,5.5,4.0,2.75,1.833333333,3.75,7,1,1,7,7,5,4.666666667
1905,34,1,7,16,14.0,1,1,3,1,2.0,5.166666667,4.0,5.5,3.5,2.5,3.833333333,2.166666667,7,6,4,6,4,5,5.333333333
134,70,1,7,16,7.0,1,0,3,1,2.0,5.833333333,2.5,3.75,3.5,2.125,3.5,2.416666667,7,7,7,7,7,7,7.0
589,46,0,6,11,4.0,1,1,1,2,4.0,4.333333333,2.25,3.25,4.75,3.0,3.166666667,4.0,7,5,5,5,5,4,5.166666667
135,76,1,2,7,13.0,1,1,1,2,6.0,3.666666667,2.75,3.75,4.5,2.875,4.0,4.166666667,6,1,1,2,4,4,3.0
506,56,1,9,9,6.0,1,1,7,2,2.0,4.666666667,2.75,5.25,3.5,3.625,3.666666667,2.583333333,6,3,1,7,2,4,3.833333333
22,86,1,8,5,6.0,1,1,1,2,5.0,5.166666667,3.75,4.25,4.75,4.625,5.833333333,4.916666667,6,2,4,7,4,6,4.833333333
1633,21,1,5,16,12.0,3,0,7,3,7.0,4.666666667,4.75,4.25,4.75,3.625,3.833333333,4.0,5,6,5,6,6,6,5.666666667
998,68,0,8,4,2.0,1,0,7,2,5.0,5.666666667,1.5,2.25,6.0,1.875,2.0,4.666666667,7,2,7,7,7,1,5.166666667
1211,58,0,11,16,3.0,1,1,6,1,3.0,6.0,1.25,3.25,4.25,2.125,1.333333333,3.416666667,7,7,7,7,7,7,7.0
1457,34,1,7,9,14.0,1,1,7,3,5.0,3.333333333,3.25,3.25,3.5,3.875,4.833333333,4.083333333,4,4,5,4,4,5,4.333333333
1142,22,1,3,11,11.0,1,0,1,3,4.0,4.833333333,2.5,3.5,4.25,3.5,3.833333333,4.166666667,6,3,3,5,5,2,4.0
1748,26,1,1,17,13.0,4,0,2,1,5.0,4.333333333,5.0,5.25,3.75,3.125,4.5,3.916666667,7,7,7,7,7,5,6.666666667
346,68,0,3,1,4.0,1,1,1,2,4.0,3.333333333,2.0,2.5,4.0,3.125,3.0,3.916666667,6,4,4,6,2,2,4.0
1891,23,0,5,16,4.0,2,1,2,3,3.0,5.833333333,2.75,3.75,5.5,3.875,5.166666667,4.333333333,4,1,3,7,1,3,3.166666667
1814,38,1,7,5,13.0,4,0,2,2,5.0,4.666666667,3.5,5.0,3.0,3.0,3.666666667,3.166666667,7,7,7,7,5,3,6.0
1713,57,1,6,15,2.0,3,0,5,2,2.0,4.666666667,2.75,3.5,3.25,3.25,3.5,2.916666667,6,4,4,7,7,7,5.833333333
713,47,0,11,9,10.0,1,0,6,2,4.0,3.166666667,3.5,3.5,5.25,4.25,5.0,4.166666667,5,1,1,1,2,1,1.833333333
564,57,1,9,9,4.0,1,1,1,2,5.0,4.5,1.75,3.5,4.0,3.875,4.333333333,4.166666667,6,1,2,7,4,1,3.5
1715,32,1,11,16,8.0,1,1,7,1,2.0,3.333333333,4.5,5.25,1.75,2.875,4.166666667,2.75,7,2,2,1,2,1,2.5
1004,54,1,7,1,3.0,2,1,2,1,3.0,5.0,1.75,4.25,3.5,1.375,2.0,2.25,6,6,4,7,7,4,5.666666667
1635,23,1,2,9,1.0,3,0,4,3,4.0,5.0,3.25,5.5,4.5,3.25,3.833333333,3.583333333,5,6,7,7,6,7,6.333333333
1291,36,1,2,16,12.0,1,1,2,1,2.0,4.5,2.25,5.25,4.0,2.25,4.666666667,3.083333333,6,6,7,6,6,4,5.833333333
452,62,1,3,6,3.0,1,0,6,2,4.0,4.333333333,4.5,3.75,4.5,3.75,3.833333333,3.833333333,5,2,1,2,2,1,2.166666667
1313,32,0,8,16,7.0,1,0,2,1,2.0,5.5,2.0,3.75,2.75,2.25,2.5,2.666666667,7,6,5,6,6,7,6.166666667
681,56,0,8,9,7.0,1,0,3,2,4.0,3.333333333,2.5,2.25,3.75,3.375,3.166666667,3.75,4,3,5,2,4,5,3.833333333
4,57,0,4,5,7.0,1,1,7,2,4.0,4.166666667,1.75,2.75,5.25,3.0,3.666666667,4.0,5,5,4,5,4,1,4.0
1885,54,0,3,2,3.0,1,1,7,1,2.0,4.833333333,2.5,3.5,4.25,3.25,3.5,4.166666667,5,5,5,5,5,5,5.0
1216,37,1,3,1,8.0,1,1,7,1,2.0,5.166666667,4.25,4.5,5.25,3.75,3.0,3.416666667,5,5,2,7,3,4,4.333333333
1620,60,1,2,11,8.0,1,0,7,3,5.0,4.5,2.75,4.0,4.25,1.625,2.0,3.916666667,7,5,3,7,2,5,4.833333333
1507,36,1,3,16,4.0,2,1,7,3,6.0,4.833333333,5.0,5.5,5.0,4.0,4.333333333,3.666666667,5,4,4,4,4,4,4.166666667
804,39,1,3,1,14.0,1,0,7,3,2.0,5.0,2.5,4.75,2.25,2.125,3.0,2.833333333,7,7,7,7,6,6,6.666666667
598,71,1,10,11,7.0,1,1,2,2,3.0,5.333333333,3.25,4.0,3.75,3.875,3.666666667,2.583333333,7,6,3,6,3,5,5.0
987,67,1,9,15,5.0,1,1,7,1,3.0,4.166666667,2.25,3.5,2.75,2.625,3.166666667,3.5,7,2,6,7,4,7,5.5
1551,27,0,4,9,5.0,3,0,7,3,4.0,4.666666667,5.5,4.5,5.25,1.125,6.5,4.25,4,4,3,4,4,7,4.333333333
412,56,1,2,17,13.0,1,1,5,1,3.0,5.5,3.0,4.25,3.5,1.625,2.166666667,3.166666667,7,7,5,7,7,5,6.333333333
480,76,1,3,11,6.0,1,1,1,2,4.0,4.833333333,3.0,4.5,5.25,2.75,3.833333333,4.166666667,5,1,1,5,1,4,2.833333333
972,68,1,4,15,4.0,1,1,2,1,2.0,5.166666667,1.75,2.5,4.75,2.375,2.833333333,2.916666667,7,7,7,7,7,6,6.833333333
1016,53,1,2,9,10.0,1,0,1,3,5.0,3.5,2.25,2.25,3.75,3.75,4.333333333,3.833333333,6,4,4,2,4,4,4.0
710,53,1,11,12,14.0,1,0,1,2,6.0,4.0,1.75,2.25,4.75,4.875,2.5,4.166666667,7,3,4,6,3,5,4.666666667
850,49,0,1,17,11.0,3,0,1,2,3.0,3.833333333,4.0,3.0,4.0,3.5,5.833333333,4.5,4,2,1,1,3,1,2.0
458,27,0,9,16,12.0,1,0,3,1,4.0,4.833333333,2.75,4.75,3.25,2.375,2.166666667,2.5,7,7,3,6,4,2,4.833333333
1919,25,1,6,15,1.0,1,0,7,3,4.0,3.5,2.5,3.5,3.25,3.125,4.0,3.083333333,5,4,3,4,5,3,4.0
1185,20,1,5,11,4.0,2,0,7,3,5.0,5.333333333,3.0,4.0,5.75,1.625,1.333333333,3.583333333,4,5,3,6,5,5,4.666666667
597,77,0,2,17,5.0,1,0,2,1,2.0,5.333333333,2.5,4.75,2.75,1.25,3.666666667,2.583333333,7,7,7,7,7,7,7.0
1219,43,1,2,16,7.0,1,1,2,1,2.0,4.0,2.25,2.0,3.5,2.25,4.0,3.5,5,7,3,7,3,3,4.666666667
1108,56,0,4,17,6.0,1,0,7,1,3.0,5.166666667,1.5,3.0,2.25,2.5,3.0,2.416666667,7,7,4,7,4,4,5.5
663,38,1,2,11,12.0,1,0,2,1,2.0,4.333333333,3.5,3.75,4.0,3.875,4.666666667,3.416666667,4,4,4,4,5,4,4.166666667
1569,38,0,8,17,13.0,2,1,3,1,3.0,4.666666667,3.0,4.5,2.5,2.625,4.0,3.333333333,5,5,4,6,4,4,4.666666667
1039,77,1,8,16,10.0,1,1,1,2,6.0,3.833333333,2.0,3.5,4.25,3.125,2.166666667,3.916666667,7,1,1,5,3,3,3.333333333
1469,40,1,10,17,13.0,4,0,2,1,3.0,4.833333333,3.75,4.5,2.75,2.0,3.5,2.5,7,6,7,5,5,5,5.833333333
1252,46,1,7,16,13.0,1,1,7,1,4.0,3.833333333,2.25,4.0,4.0,3.375,4.5,4.166666667,7,2,1,7,5,1,3.833333333
563,28,0,8,16,6.0,1,0,2,1,1.0,5.166666667,2.25,2.5,2.5,3.25,3.166666667,3.5,6,5,5,6,6,5,5.5
546,54,1,2,16,4.0,1,0,1,2,6.0,4.166666667,1.75,2.75,4.5,4.875,5.833333333,5.0,7,4,1,7,4,1,4.0
1864,21,0,3,11,7.0,1,0,7,3,1.0,4.333333333,2.5,4.25,3.25,2.125,4.5,3.0,6,4,3,2,4,2,3.5
1768,20,1,8,11,15.0,1,0,7,3,4.0,5.5,5.0,5.0,4.75,4.125,4.666666667,4.916666667,4,5,4,5,5,5,4.666666667
851,57,1,2,11,13.0,1,1,2,1,2.0,5.666666667,1.5,2.5,3.5,1.25,3.0,1.583333333,7,7,6,7,7,6,6.666666667
205,63,0,3,16,6.0,1,1,1,2,3.0,4.666666667,1.5,4.0,3.5,2.0,3.333333333,3.0,5,2,3,6,4,4,4.0
1210,44,0,2,17,9.0,1,0,1,2,5.0,5.0,2.25,4.0,4.0,3.75,1.166666667,3.75,5,3,3,5,5,3,4.0
111,60,1,6,8,9.0,1,1,1,2,7.0,3.833333333,1.5,2.0,4.75,3.125,3.166666667,4.166666667,1,2,1,4,7,1,2.666666667
688,66,1,2,17,13.0,1,0,1,2,4.0,5.833333333,4.25,5.5,4.75,1.75,3.833333333,3.833333333,7,2,1,7,4,4,4.166666667
409,36,0,4,15,8.0,1,1,2,1,2.0,4.666666667,1.75,4.0,1.75,1.25,4.166666667,2.083333333,6,6,5,7,5,6,5.833333333
236,84,1,3,1,4.0,1,1,1,2,4.0,3.333333333,2.25,2.5,4.25,4.875,5.833333333,4.083333333,4,1,1,2,1,1,1.666666667
796,70,1,6,9,7.0,1,1,1,1,5.0,3.333333333,2.0,4.0,3.75,3.625,4.0,3.5,5,1,1,7,2,5,3.5
518,55,1,3,17,9.0,1,1,3,1,3.0,4.666666667,3.5,3.25,4.75,3.25,4.166666667,3.666666667,6,4,5,4,5,4,4.666666667
51,78,0,3,16,7.0,1,0,2,2,3.0,5.833333333,2.75,4.75,4.75,1.0,1.833333333,2.583333333,7,7,6,7,6,6,6.5
140,68,1,11,16,12.0,1,0,1,1,5.0,4.333333333,1.75,4.0,4.5,4.0,4.0,4.333333333,3,2,4,3,3,2,2.833333333
1696,37,1,5,5,9.0,1,1,7,3,6.0,3.0,2.25,3.0,3.0,4.25,4.5,4.5,6,4,1,2,2,1,2.666666667
92,67,0,9,16,5.0,1,1,7,2,5.0,5.666666667,2.75,3.0,5.25,3.0,3.0,3.833333333,6,6,6,6,5,5,5.666666667
1535,31,0,4,17,9.0,1,0,2,1,2.0,5.5,4.25,4.5,5.0,3.25,3.333333333,4.083333333,7,3,5,4,5,5,4.833333333
1662,34,1,8,16,12.0,1,1,3,1,2.0,3.833333333,2.25,2.75,2.5,3.125,4.0,3.0,7,5,4,6,4,5,5.166666667
529,51,0,8,17,13.0,1,1,2,1,2.0,4.5,3.5,4.0,3.75,2.125,3.166666667,3.333333333,7,7,6,7,7,6,6.666666667
1276,33,0,9,16,12.0,1,0,2,1,2.0,5.833333333,2.0,3.0,3.25,1.625,1.333333333,3.0,7,5,7,6,7,6,6.333333333
771,80,1,8,11,9.0,1,1,1,2,6.0,4.333333333,4.0,4.25,3.75,3.625,4.666666667,3.75,3,2,1,4,1,2,2.166666667
793,57,0,3,11,5.0,1,1,2,1,2.0,4.5,2.25,2.75,3.75,3.375,4.333333333,3.833333333,7,4,3,6,4,2,4.333333333
1876,20,0,7,16,9.0,4,1,7,3,1.0,5.666666667,2.0,5.0,1.5,1.0,1.666666667,1.666666667,7,7,6,7,4,7,6.333333333
918,32,0,5,17,11.0,1,1,7,2,5.0,5.833333333,4.5,4.0,5.0,2.25,2.0,4.083333333,5,7,7,4,5,6,5.666666667
1362,39,0,7,16,7.0,3,1,2,1,4.0,3.666666667,4.0,2.25,4.75,3.625,5.0,3.916666667,5,5,6,6,7,4,5.5
937,37,0,7,11,5.0,2,1,1,2,4.0,4.666666667,4.0,4.25,4.5,4.0,4.0,3.416666667,4,4,6,4,4,2,4.0
1359,26,1,5,16,9.0,1,0,2,1,3.0,4.333333333,3.25,4.25,4.0,3.25,3.5,3.75,4,4,4,3,5,5,4.166666667
695,46,0,8,16,12.0,1,1,2,1,3.0,4.166666667,2.5,3.0,3.25,3.25,5.333333333,3.833333333,7,4,5,6,4,5,5.166666667
1954,30,1,7,16,15.0,1,0,1,3,4.0,3.666666667,4.25,5.0,3.75,3.25,7.0,4.916666667,7,2,7,7,5,2,5.0
754,28,1,9,16,11.0,1,0,3,1,2.0,5.333333333,1.25,5.25,2.75,2.25,3.833333333,3.833333333,7,6,1,7,6,1,4.666666667
126,42,1,10,16,11.0,1,0,7,3,5.0,5.666666667,1.0,6.0,3.75,2.375,1.666666667,3.916666667,7,7,7,7,7,3,6.333333333
1104,44,0,3,16,13.0,1,1,3,1,3.0,5.0,2.5,3.75,4.75,3.125,3.333333333,3.333333333,6,6,6,6,5,5,5.666666667
176,68,1,6,5,4.0,1,0,1,2,4.0,5.166666667,1.5,2.75,5.75,3.75,1.0,3.416666667,7,7,7,7,7,4,6.5
1598,60,0,9,16,7.0,1,1,2,1,3.0,5.166666667,2.5,4.5,4.5,2.5,3.333333333,3.916666667,6,4,4,6,5,4,4.833333333
1699,29,0,7,17,14.0,1,0,7,3,3.0,3.5,5.0,5.5,2.0,1.875,3.166666667,1.583333333,7,6,5,6,6,2,5.333333333
1374,26,0,4,17,12.0,1,0,1,1,4.0,5.5,2.5,4.25,4.75,1.75,1.666666667,3.5,7,7,7,7,7,7,7.0
535,48,1,8,16,13.0,1,1,1,2,5.0,4.333333333,3.25,4.5,3.25,3.75,3.333333333,2.5,7,4,5,7,6,2,5.166666667
755,39,1,5,17,8.0,1,0,7,3,4.0,5.0,3.25,4.0,4.0,2.375,1.666666667,3.916666667,7,6,2,7,3,5,5.0
602,66,0,10,16,7.0,1,1,1,2,5.0,5.333333333,2.75,5.25,4.75,2.125,4.0,4.0,7,6,2,7,5,6,5.5
340,66,0,8,16,15.0,1,1,1,1,5.0,4.666666667,3.0,3.0,3.75,3.375,3.5,3.0,6,5,5,6,5,4,5.166666667
995,59,0,3,4,7.0,1,1,2,1,2.0,5.333333333,2.75,3.75,4.5,2.625,4.0,2.5,6,4,6,6,6,6,5.666666667
764,39,1,11,16,14.0,1,1,1,1,5.0,3.5,2.75,3.5,3.5,5.125,6.833333333,3.5,2,1,1,1,1,1,1.166666667
210,50,1,3,16,13.0,1,0,1,2,5.0,3.666666667,1.5,3.25,5.5,4.5,4.333333333,5.583333333,6,1,1,2,1,3,2.333333333
1741,20,1,2,11,15.0,1,0,7,3,4.0,5.0,2.25,4.5,4.25,3.125,3.666666667,3.75,7,3,2,7,6,5,5.0
1152,29,0,2,17,13.0,3,0,2,1,1.0,4.166666667,5.0,5.0,2.0,1.0,4.5,2.333333333,7,5,4,6,6,6,5.666666667
1101,65,1,2,9,8.0,1,0,2,1,2.0,4.666666667,1.75,3.75,4.5,1.875,1.5,3.916666667,5,6,7,7,1,4,5.0
861,53,0,9,16,5.0,1,1,3,1,3.0,5.666666667,2.75,4.0,3.5,1.625,1.0,3.083333333,7,7,7,6,7,6,6.666666667
1798,29,0,6,11,11.0,1,0,7,2,2.0,4.666666667,2.5,4.5,3.25,2.625,4.666666667,2.75,5,4,5,6,6,3,4.833333333
1562,72,1,6,11,4.0,1,1,2,1,2.0,6.0,2.75,4.0,5.75,1.5,2.0,4.5,6,3,5,7,4,5,5.0
486,91,1,8,9,5.0,1,0,1,2,4.0,5.0,3.25,3.75,5.25,4.0,4.666666667,4.416666667,7,4,6,4,6,2,4.833333333
603,56,1,4,16,9.0,1,0,1,2,5.0,4.0,3.0,3.5,5.0,2.875,3.333333333,3.75,7,6,5,7,6,4,5.833333333
1001,53,1,1,17,14.0,1,1,7,2,4.0,4.5,2.25,4.75,3.25,4.125,3.0,3.5,5,6,2,7,4,3,4.5
1019,57,0,5,11,8.0,1,0,3,1,4.0,6.0,1.75,3.0,4.0,1.75,1.166666667,2.75,7,7,5,6,1,6,5.333333333
1531,31,1,7,16,10.0,1,1,1,2,4.0,5.0,3.25,3.5,4.5,2.0,4.0,4.083333333,6,3,3,4,5,5,4.333333333
266,37,0,6,16,11.0,1,0,2,1,3.0,3.666666667,3.0,3.0,2.25,2.375,4.166666667,2.416666667,6,7,7,5,6,6,6.166666667
1070,39,1,9,11,7.0,1,1,7,2,4.0,4.833333333,2.0,3.25,4.0,2.75,1.333333333,2.416666667,7,1,7,7,7,5,5.666666667
1312,38,0,7,17,12.0,2,1,2,3,3.0,4.833333333,2.0,3.0,2.5,1.875,1.166666667,2.166666667,7,7,7,7,6,5,6.5
1572,39,1,6,11,13.0,3,1,1,2,2.0,4.666666667,3.25,4.25,3.5,3.375,4.0,4.25,6,3,5,3,3,5,4.166666667
1773,25,0,11,17,11.0,1,0,7,3,3.0,5.166666667,3.25,5.0,3.0,1.75,3.5,2.333333333,7,6,7,5,5,4,5.666666667
1740,22,0,7,2,3.0,4,0,3,3,5.0,4.666666667,4.5,4.0,4.25,4.25,4.0,4.0,4,3,5,5,5,6,4.666666667
1147,57,0,6,16,15.0,1,1,1,1,5.0,4.5,3.5,4.25,3.5,3.25,3.833333333,3.833333333,6,4,6,6,4,5,5.166666667
63,50,1,6,17,15.0,1,1,3,1,3.0,5.666666667,4.75,5.75,2.75,1.75,1.333333333,2.25,7,7,7,7,7,5,6.666666667
317,38,1,7,15,13.0,4,1,1,1,6.0,5.166666667,4.5,5.25,4.5,3.875,4.0,4.083333333,5,5,5,4,5,5,4.833333333
459,66,1,2,11,14.0,1,1,1,2,5.0,4.0,3.5,3.5,3.75,3.25,6.166666667,4.583333333,1,1,7,1,1,1,2.0
1588,60,1,9,16,12.0,1,0,7,3,4.0,4.0,2.5,3.75,4.0,3.375,3.0,3.75,6,6,6,6,6,3,5.5
667,60,1,2,1,2.0,1,1,2,1,2.0,5.0,2.0,3.5,5.0,1.625,2.0,3.0,7,7,7,7,7,7,7.0
1770,23,1,6,16,3.0,4,1,7,3,4.0,3.5,4.25,3.25,3.0,4.0,4.166666667,4.0,5,5,4,3,4,4,4.166666667
1347,79,0,4,9,3.0,1,1,1,2,6.0,5.0,2.5,4.25,5.75,3.5,3.0,4.25,7,4,3,7,4,1,4.333333333
807,31,0,8,16,15.0,1,1,2,1,2.0,3.833333333,5.5,4.75,3.5,3.0,5.166666667,3.416666667,7,5,1,5,4,3,4.166666667
1380,57,0,8,11,14.0,1,1,1,1,5.0,4.166666667,4.5,4.0,3.75,4.25,4.166666667,4.416666667,4,4,4,4,4,4,4.0
1199,80,1,8,11,8.0,1,1,3,1,3.0,3.833333333,2.5,4.0,2.0,3.125,2.0,2.5,7,6,5,7,6,6,6.166666667
1304,61,0,4,16,4.0,1,1,7,1,4.0,4.833333333,2.75,3.25,3.75,2.0,2.5,1.75,7,6,5,7,5,5,5.833333333
132,40,0,8,9,7.0,1,1,2,1,3.0,4.333333333,2.25,3.5,3.75,2.125,2.0,2.583333333,7,7,7,7,7,5,6.666666667
1602,37,0,7,16,7.0,4,1,2,1,1.0,6.0,1.75,4.25,3.25,1.75,1.166666667,2.333333333,7,7,7,7,7,7,7.0
1716,53,0,7,16,12.0,2,1,5,1,3.0,5.5,2.0,5.25,3.25,2.375,3.166666667,2.75,7,6,7,7,7,6,6.666666667
1790,33,0,3,17,10.0,1,0,7,1,4.0,4.833333333,2.5,6.0,2.75,2.375,3.166666667,3.0,7,5,4,7,7,3,5.5
474,68,0,9,11,4.0,1,1,2,1,4.0,6.0,2.25,5.5,3.25,1.0,1.0,2.0,7,7,7,7,7,7,7.0
1405,60,0,8,16,12.0,2,1,2,1,1.0,5.0,2.25,2.75,3.5,1.5,2.333333333,2.583333333,5,4,4,2,2,2,3.166666667
573,39,0,2,16,12.0,1,1,2,1,3.0,4.333333333,2.0,3.25,3.0,2.5,3.333333333,3.166666667,7,6,4,6,5,6,5.666666667
831,23,1,6,5,6.0,1,1,1,3,5.0,4.833333333,3.75,5.0,2.0,1.375,1.0,2.666666667,5,4,4,4,4,4,4.166666667
419,30,1,7,16,8.0,3,0,7,1,4.0,3.666666667,3.0,3.5,3.0,3.5,4.0,3.666666667,5,4,4,5,4,5,4.5
441,37,0,9,16,13.0,1,1,3,2,3.0,5.166666667,3.25,4.0,3.5,1.875,1.5,4.5,6,5,7,6,5,3,5.333333333
1056,20,1,8,16,13.0,1,0,7,3,1.0,5.666666667,2.75,4.75,3.0,1.125,1.166666667,2.666666667,7,7,7,7,7,7,7.0
1081,42,1,7,6,3.0,1,0,7,3,2.0,3.0,3.5,2.5,2.75,3.25,3.833333333,3.666666667,4,2,4,4,5,4,3.833333333
559,69,0,2,11,12.0,2,1,7,1,4.0,5.333333333,3.75,2.75,5.5,3.0,5.0,4.25,7,4,6,6,5,2,5.0
1426,39,1,8,11,6.0,1,1,1,2,3.0,5.166666667,1.5,3.0,3.5,3.125,5.833333333,2.5,6,2,3,5,4,3,3.833333333
1165,52,0,5,16,7.0,1,1,2,1,2.0,5.5,2.25,3.75,3.75,2.625,4.0,3.333333333,6,6,6,6,6,2,5.333333333
1868,22,0,11,15,2.0,1,0,2,3,3.0,5.0,5.0,3.5,4.25,3.125,4.166666667,2.5,6,5,2,5,5,4,4.5
461,24,1,1,16,8.0,1,0,2,3,4.0,3.833333333,3.75,3.75,5.25,4.125,4.333333333,4.25,3,4,4,4,4,5,4.0
1728,28,1,8,17,5.0,1,0,5,1,2.0,5.5,3.75,4.25,3.0,2.0,2.833333333,2.666666667,7,7,6,6,4,5,5.833333333
1600,24,1,4,17,8.0,2,0,7,3,6.0,5.833333333,5.0,5.75,5.75,4.0,1.5,4.0,7,7,7,7,7,6,6.833333333
139,56,0,4,16,5.0,1,1,3,1,2.0,5.166666667,1.75,4.0,2.25,2.25,1.666666667,1.75,7,7,4,7,5,6,6.0
180,80,0,7,11,3.0,1,1,1,2,4.0,4.5,2.0,3.25,5.25,4.0,4.666666667,4.916666667,4,4,4,6,4,2,4.0
70,82,0,5,14,6.0,1,1,2,1,2.0,4.333333333,3.25,3.75,4.5,2.5,2.0,2.916666667,6,6,5,7,6,6,6.0
1283,23,0,6,17,7.0,1,1,2,3,5.0,5.5,3.0,3.5,3.0,2.5,5.333333333,3.833333333,7,4,7,7,7,1,5.5
483,38,1,7,11,13.0,1,0,3,1,2.0,4.0,2.0,4.0,2.25,2.0,2.5,3.583333333,7,6,6,5,6,5,5.833333333
390,68,1,2,15,7.0,1,1,1,2,4.0,3.833333333,4.0,3.75,4.25,5.125,6.166666667,3.333333333,5,1,1,6,1,1,2.5
817,54,0,8,16,9.0,4,1,1,2,6.0,3.333333333,2.25,2.0,4.5,3.375,2.666666667,4.75,4,1,1,6,2,1,2.5
1229,22,1,7,11,2.0,2,0,7,3,5.0,5.0,4.25,4.25,4.5,2.75,4.0,3.333333333,7,1,6,4,6,4,4.666666667
1353,44,1,6,6,12.0,3,1,2,2,3.0,4.166666667,4.0,3.5,2.5,1.25,2.666666667,2.5,6,6,6,6,6,3,5.5
148,59,1,9,9,12.0,1,1,1,2,3.0,3.0,2.75,4.5,3.75,5.75,7.0,3.666666667,1,1,1,6,1,1,1.833333333
162,72,1,10,6,8.0,1,1,1,2,5.0,3.0,1.5,2.75,3.25,3.25,3.166666667,3.416666667,5,1,1,1,1,5,2.333333333
729,24,1,2,16,8.0,1,0,2,3,2.0,5.333333333,2.75,4.5,2.5,1.5,3.166666667,2.75,7,7,4,5,5,4,5.333333333
158,38,0,7,16,13.0,3,0,7,3,2.0,4.5,3.0,3.0,2.0,1.375,1.833333333,2.416666667,6,4,4,4,5,4,4.5
1086,31,0,6,16,13.0,4,1,2,1,5.0,4.0,2.0,2.5,2.5,1.375,4.833333333,3.5,5,4,4,5,5,4,4.5
1089,42,1,6,15,14.0,1,1,7,3,4.0,4.166666667,2.25,3.5,4.5,3.5,5.5,3.75,7,4,2,7,2,1,3.833333333
1420,22,0,7,16,10.0,2,0,1,3,4.0,4.333333333,3.0,4.0,5.0,3.625,4.0,3.5,5,5,4,4,5,2,4.166666667
1116,68,0,9,4,6.0,1,1,1,2,4.0,4.333333333,1.5,2.75,3.5,3.875,3.166666667,3.75,5,2,1,5,1,1,2.5
1538,40,1,9,15,12.0,1,1,5,1,2.0,6.0,2.25,5.75,3.0,2.125,2.0,2.5,7,7,7,7,5,1,5.666666667
976,39,1,10,9,7.0,1,0,1,2,5.0,4.833333333,2.75,3.5,5.75,4.875,5.833333333,5.166666667,5,1,1,5,1,1,2.333333333
1084,45,0,11,17,13.0,1,1,6,1,3.0,4.5,2.75,4.25,3.0,2.0,1.166666667,3.833333333,7,7,7,7,4,7,6.5
10,68,1,11,17,12.0,1,1,1,2,6.0,4.333333333,3.75,5.25,4.75,4.625,4.5,3.583333333,7,3,7,7,4,2,5.0
568,82,1,1,9,7.0,1,1,1,1,5.0,3.333333333,2.5,3.75,5.25,4.75,5.166666667,5.083333333,2,1,1,4,4,3,2.5
1000,67,0,9,8,2.0,1,0,1,2,6.0,4.833333333,1.5,4.5,5.75,4.375,3.5,4.666666667,6,1,2,6,2,1,3.0
203,53,1,4,9,3.0,1,0,1,2,6.0,3.666666667,1.0,1.75,4.75,3.125,3.5,5.416666667,7,4,3,7,5,2,4.666666667
191,69,1,7,13,8.0,2,0,2,1,3.0,4.833333333,2.5,2.5,3.25,2.625,2.833333333,2.916666667,6,7,6,5,5,6,5.833333333
1694,28,1,10,16,12.0,1,0,5,1,2.0,5.166666667,3.25,4.25,3.75,1.875,3.5,2.416666667,7,6,6,6,6,3,5.666666667
929,44,1,8,1,3.0,1,1,7,2,6.0,3.666666667,2.0,3.25,5.5,2.0,2.666666667,3.916666667,5,6,7,7,4,1,5.0
575,35,0,3,14,6.0,1,0,2,1,3.0,3.833333333,3.5,3.75,4.25,2.875,2.5,3.166666667,1,4,2,6,4,4,3.5
909,63,1,7,16,12.0,1,1,1,1,6.0,4.333333333,3.0,3.75,4.75,3.0,2.833333333,3.25,7,5,3,6,1,4,4.333333333
1772,38,1,6,17,12.0,4,0,3,1,1.0,6.0,3.0,5.25,2.25,1.75,1.333333333,2.0,7,7,7,7,7,6,6.833333333
1807,41,1,10,9,13.0,1,1,2,2,4.0,5.333333333,2.75,3.5,6.0,2.5,3.833333333,4.583333333,7,1,1,6,1,1,2.833333333
519,30,0,4,9,3.0,1,1,7,2,4.0,5.0,2.0,1.75,3.5,2.875,2.166666667,2.666666667,6,7,4,7,6,4,5.666666667
1863,22,0,7,11,4.0,1,0,2,3,2.0,5.333333333,3.25,3.5,3.5,2.625,4.0,3.416666667,7,6,7,7,5,6,6.333333333
494,77,1,3,6,8.0,1,1,1,2,4.0,4.666666667,4.5,3.5,5.0,4.0,3.0,4.833333333,7,1,1,7,1,1,3.0
1013,75,0,6,1,1.0,1,1,1,2,4.0,3.666666667,4.0,3.75,3.5,3.75,4.5,3.916666667,5,4,5,4,5,4,4.5
445,54,1,6,7,3.0,1,0,2,2,2.0,4.333333333,1.25,2.5,3.5,2.375,3.5,3.166666667,6,4,4,5,4,7,5.0
768,59,0,3,9,9.0,1,1,4,2,6.0,4.666666667,2.0,2.5,5.75,3.375,3.833333333,3.916666667,6,2,2,6,4,3,3.833333333
282,27,0,2,17,15.0,1,0,1,1,5.0,4.0,3.0,5.25,4.25,3.625,6.166666667,4.416666667,1,1,1,1,1,1,1.0
1820,24,0,2,17,15.0,3,1,7,3,4.0,6.0,2.0,5.25,4.5,3.125,4.666666667,2.166666667,6,2,7,5,4,7,5.166666667
1121,63,1,6,16,9.0,1,1,3,1,3.0,4.666666667,3.0,4.25,2.0,1.375,2.833333333,2.833333333,7,6,4,6,7,4,5.666666667
231,60,1,4,17,13.0,1,1,1,2,3.0,4.333333333,3.5,4.0,5.25,4.625,5.666666667,4.666666667,7,6,1,7,6,3,5.0
1841,24,1,1,8,8.0,1,0,2,3,5.0,5.166666667,2.0,3.0,3.5,2.75,4.833333333,3.583333333,7,4,5,6,7,2,5.166666667
1048,59,1,7,3,10.0,1,1,2,3,1.0,3.0,2.0,3.25,3.0,3.125,5.833333333,2.25,1,1,1,1,1,4,1.5
464,33,0,10,9,3.0,1,1,7,3,4.0,3.833333333,3.0,4.25,3.25,3.375,3.333333333,4.166666667,4,4,3,4,4,4,3.833333333
1964,45,0,4,17,8.0,1,1,2,1,3.0,4.0,1.5,3.75,2.75,2.25,4.166666667,3.583333333,6,4,2,4,4,5,4.166666667
525,35,1,7,16,7.0,1,0,1,2,4.0,2.0,2.25,3.25,4.5,6.25,7.0,4.583333333,1,1,1,1,1,1,1.0
833,63,0,4,6,3.0,1,1,7,2,4.0,3.666666667,3.0,4.0,3.5,3.625,4.333333333,4.166666667,6,4,3,5,5,3,4.333333333
15,71,1,4,1,6.0,1,1,1,2,7.0,5.0,1.25,4.75,4.5,1.875,2.833333333,3.583333333,6,2,1,7,2,5,3.833333333
1534,31,1,5,11,3.0,1,0,7,3,4.0,5.666666667,3.75,4.75,3.25,2.875,4.0,2.5,7,4,1,6,5,4,4.5
379,33,0,7,15,14.0,4,1,1,1,6.0,5.166666667,5.25,4.75,5.0,4.25,5.333333333,3.166666667,5,5,3,2,2,2,3.166666667
1294,22,1,8,11,13.0,1,0,1,3,3.0,5.5,3.75,3.0,4.0,2.375,4.0,3.416666667,7,6,7,6,5,4,5.833333333
694,24,1,6,16,13.0,1,0,2,3,1.0,4.666666667,5.0,5.0,2.25,3.125,4.666666667,3.5,7,7,7,6,7,6,6.666666667
156,56,0,11,16,5.0,1,1,6,1,2.0,4.0,3.0,3.0,3.5,3.375,3.0,3.416666667,4,4,2,5,5,3,3.833333333
1612,22,1,1,11,2.0,3,0,7,3,4.0,5.166666667,5.25,5.25,5.25,4.375,3.833333333,4.333333333,7,1,3,3,7,7,4.666666667
1060,54,0,9,17,3.0,1,1,7,2,4.0,4.666666667,3.25,4.5,4.25,3.625,3.333333333,3.5,6,5,4,5,4,3,4.5
1319,28,0,7,17,6.0,2,0,7,3,1.0,5.833333333,2.5,3.75,4.5,1.375,1.333333333,2.5,6,7,5,7,6,5,6.0
446,62,0,10,16,11.0,1,0,1,2,5.0,3.166666667,4.25,3.5,3.25,4.0,5.0,4.583333333,1,1,1,1,1,1,1.0
999,57,1,11,11,6.0,1,1,7,3,4.0,4.666666667,2.25,2.75,3.75,1.75,1.0,2.75,7,6,2,6,6,5,5.333333333
407,62,0,9,9,7.0,1,0,1,2,4.0,5.0,2.0,3.75,4.5,2.5,2.5,3.916666667,7,5,4,6,5,4,5.166666667
1875,32,0,8,9,15.0,1,0,1,1,4.0,5.5,3.5,4.75,4.75,2.5,4.666666667,4.0,6,4,6,5,5,3,4.833333333
1709,68,1,6,9,6.0,1,1,5,1,6.0,4.5,4.0,4.0,5.0,3.375,3.0,3.583333333,6,4,2,7,4,6,4.833333333
1034,39,1,2,16,6.0,1,0,1,2,6.0,4.333333333,3.0,3.0,5.0,3.625,3.5,4.583333333,6,6,7,5,5,1,5.0
428,75,0,9,9,6.0,1,1,7,2,4.0,5.166666667,1.0,4.0,3.0,2.5,3.166666667,3.333333333,5,3,2,6,2,3,3.5
1780,23,1,3,16,11.0,1,0,7,3,4.0,4.5,3.0,4.0,3.25,4.875,4.5,4.416666667,7,7,7,7,5,1,5.666666667
1118,38,1,6,17,9.0,2,1,7,3,4.0,6.0,5.5,4.5,5.5,1.75,1.5,3.5,7,7,6,7,7,7,6.833333333
862,70,0,8,16,6.0,1,1,2,1,2.0,6.0,1.75,4.0,1.25,1.0,4.333333333,2.166666667,7,6,6,7,4,6,6.0
1666,29,0,5,16,2.0,3,1,7,1,6.0,5.166666667,3.25,5.25,4.0,3.75,3.833333333,2.916666667,5,4,6,6,3,7,5.166666667
332,56,1,11,11,12.0,1,0,7,1,2.0,4.5,1.5,4.25,2.5,2.375,2.333333333,2.833333333,4,4,4,4,4,4,4.0
1899,39,1,9,15,13.0,1,1,1,2,6.0,4.0,3.0,5.25,4.5,4.25,4.833333333,3.583333333,4,1,1,1,2,1,1.666666667
1161,21,1,8,16,13.0,2,0,7,3,2.0,4.333333333,3.5,4.25,1.75,2.375,3.0,2.833333333,6,4,5,7,6,3,5.166666667
913,55,1,8,16,13.0,1,1,1,1,5.0,4.166666667,3.5,3.75,3.5,4.25,4.833333333,4.083333333,6,4,4,5,5,2,4.333333333
1207,35,0,2,17,4.0,1,0,2,2,1.0,5.166666667,2.5,5.0,4.25,2.875,2.5,3.0,5,4,4,5,4,4,4.333333333
805,27,1,8,5,12.0,1,0,2,3,4.0,3.5,4.75,3.25,2.25,4.375,3.166666667,3.75,7,6,7,7,5,3,5.833333333
1264,68,1,9,7,5.0,1,1,2,1,5.0,3.0,3.0,3.0,3.0,3.5,4.833333333,3.583333333,7,4,1,7,5,2,4.333333333
1049,51,1,9,17,11.0,1,1,1,2,4.0,5.666666667,1.5,5.5,4.25,1.375,2.0,3.583333333,7,6,6,7,7,1,5.666666667
12,70,0,8,5,8.0,1,1,2,1,2.0,5.333333333,3.5,4.75,3.0,2.375,3.5,2.666666667,7,5,2,7,5,2,4.666666667
1793,67,0,3,9,4.0,1,1,1,2,6.0,3.833333333,1.25,1.5,5.5,4.625,3.833333333,4.916666667,7,5,1,7,4,1,4.166666667
298,64,0,9,16,6.0,1,1,3,1,4.0,3.166666667,3.75,3.75,2.0,4.25,3.5,3.416666667,6,4,5,5,4,4,4.666666667
1390,56,1,8,11,10.0,2,1,1,1,5.0,3.666666667,3.0,3.25,3.5,4.125,5.0,3.5,5,5,1,6,3,2,3.666666667
673,77,1,11,6,4.0,1,1,1,1,6.0,4.0,4.0,4.0,4.0,3.0,4.0,4.333333333,5,1,3,4,4,4,3.5
1284,46,1,8,16,14.0,1,1,3,1,5.0,5.0,1.75,3.25,3.75,3.5,5.333333333,3.916666667,7,5,7,6,1,1,4.5
422,44,1,10,17,11.0,1,0,2,1,3.0,3.833333333,2.5,3.0,4.0,2.0,2.833333333,3.166666667,7,5,5,6,5,5,5.5
599,75,1,8,6,7.0,1,1,2,1,3.0,3.0,2.0,2.75,3.25,2.75,3.5,3.5,5,4,2,5,3,3,3.666666667
1080,37,1,11,17,3.0,1,0,7,3,3.0,2.666666667,1.75,2.5,2.75,2.875,1.833333333,2.25,4,3,1,4,2,3,2.833333333
994,52,1,8,11,12.0,1,1,3,2,5.0,4.333333333,2.75,3.5,4.25,5.125,6.5,3.083333333,7,3,7,7,7,1,5.333333333
1700,38,1,3,11,9.0,1,0,7,3,5.0,3.833333333,3.25,3.75,3.5,4.5,4.166666667,4.166666667,6,5,3,6,3,3,4.333333333
811,61,1,5,17,14.0,1,1,1,1,5.0,4.833333333,3.75,4.75,4.75,3.125,2.833333333,3.333333333,7,7,3,7,6,6,6.0
1212,26,1,7,17,10.0,2,0,1,1,3.0,4.166666667,5.0,3.75,2.25,2.5,4.666666667,3.0,7,3,5,7,6,4,5.333333333
1468,42,0,3,9,14.0,1,0,1,1,5.0,5.666666667,3.75,3.5,4.25,3.25,1.333333333,4.833333333,7,3,1,6,5,2,4.0
1163,47,0,11,17,6.0,1,1,6,1,2.0,5.666666667,2.25,4.5,2.75,1.125,3.333333333,1.833333333,7,7,6,7,4,5,6.0
895,38,0,9,13,5.0,1,1,2,1,3.0,4.666666667,1.0,3.0,3.0,2.5,2.333333333,3.083333333,5,5,4,5,5,4,4.666666667
1235,54,1,1,9,1.0,1,0,7,3,5.0,4.833333333,2.75,4.75,2.75,3.625,3.0,3.75,5,3,6,5,5,2,4.333333333
1895,23,1,4,16,15.0,3,0,7,3,4.0,4.166666667,3.25,4.0,4.0,3.625,5.0,4.0,7,5,5,2,4,3,4.333333333
1335,42,1,5,17,8.0,3,1,2,2,4.0,4.333333333,4.25,4.25,4.0,2.625,4.833333333,4.416666667,7,4,3,4,3,3,4.0
1687,33,1,6,16,11.0,1,1,2,1,2.0,4.833333333,2.25,5.75,2.75,1.375,3.166666667,2.083333333,6,4,6,6,4,5,5.166666667
1137,20,0,5,11,13.0,1,0,7,3,3.0,4.833333333,4.0,4.5,3.0,2.75,3.833333333,2.5,6,2,1,1,4,1,2.5
1870,28,0,10,16,7.0,1,0,2,1,2.0,4.0,4.5,4.75,1.75,1.75,3.166666667,1.666666667,6,5,5,7,4,5,5.333333333
1615,22,1,8,11,12.0,1,0,3,3,4.0,4.166666667,3.5,4.25,3.0,3.5,3.166666667,3.25,6,6,6,7,6,2,5.5
1489,18,1,7,11,1.0,1,0,7,3,4.0,5.666666667,4.5,5.75,6.0,3.125,5.0,3.0,7,3,4,4,4,5,4.5
1785,36,0,7,16,12.0,3,1,1,1,2.0,4.5,2.5,4.5,3.25,2.375,4.166666667,3.5,6,4,3,5,4,6,4.666666667
315,50,1,9,11,7.0,1,0,1,2,7.0,4.666666667,4.5,4.75,4.75,4.25,4.0,4.916666667,5,2,1,4,4,4,3.333333333
430,68,0,6,1,3.0,1,1,4,3,4.0,4.0,1.5,2.75,3.5,3.625,2.833333333,3.916666667,3,4,1,6,4,3,3.5
897,39,1,5,11,7.0,1,0,2,1,1.0,4.833333333,1.75,3.5,4.75,3.5,3.0,3.916666667,4,5,7,4,6,5,5.166666667
1532,57,1,4,17,3.0,1,0,7,2,5.0,3.666666667,2.25,2.75,3.5,3.375,4.333333333,4.0,7,3,4,7,6,4,5.166666667
408,77,0,5,9,13.0,1,1,1,2,5.0,4.833333333,3.5,4.5,4.5,3.375,2.166666667,3.5,5,3,3,7,3,3,4.0
1605,37,1,7,17,8.0,2,1,7,1,3.0,5.666666667,3.75,4.75,3.0,1.125,1.833333333,3.583333333,6,3,4,7,4,7,5.166666667
150,77,1,1,11,3.0,1,1,2,1,2.0,4.666666667,2.0,3.5,4.0,3.75,4.833333333,3.666666667,5,2,3,3,5,5,3.833333333
286,70,0,5,1,6.0,1,0,2,2,4.0,5.333333333,2.0,3.25,4.25,3.375,2.333333333,3.583333333,6,4,2,5,4,1,3.666666667
555,40,0,5,17,3.0,1,0,3,1,2.0,5.166666667,2.25,4.75,4.0,1.75,3.333333333,2.75,7,7,7,7,7,6,6.833333333
1710,31,1,9,1,8.0,4,1,1,2,4.0,5.166666667,3.5,4.0,4.0,2.5,3.833333333,3.5,7,7,7,7,5,4,6.166666667
821,63,1,2,1,3.0,1,1,5,3,1.0,5.333333333,1.25,4.25,4.25,1.25,2.666666667,2.916666667,7,7,6,7,6,4,6.166666667
1087,59,1,8,5,4.0,1,1,1,1,4.0,3.833333333,3.25,3.0,3.0,2.625,2.666666667,3.583333333,5,4,2,3,4,2,3.333333333
997,71,1,5,6,4.0,1,1,1,2,6.0,2.333333333,2.75,2.5,3.0,3.875,4.833333333,3.083333333,1,1,1,7,4,1,2.5
90,66,0,2,11,3.0,1,1,7,2,4.0,4.666666667,2.25,4.25,4.0,5.375,6.0,3.5,1,4,1,1,1,1,1.5
1502,24,0,7,11,9.0,1,0,2,3,1.0,5.166666667,2.75,3.25,3.0,1.25,1.833333333,1.666666667,7,7,5,7,6,6,6.333333333
259,73,0,3,14,6.0,1,1,1,1,6.0,6.0,1.25,4.5,4.25,1.0,1.0,3.25,7,7,7,7,4,4,6.0
1175,32,0,8,1,9.0,1,0,7,3,4.0,3.333333333,2.75,2.75,2.75,3.875,3.333333333,4.25,3,3,5,5,6,6,4.666666667
921,35,0,7,11,7.0,1,0,5,1,2.0,5.333333333,2.0,4.25,2.25,2.0,2.5,1.416666667,7,6,6,7,4,4,5.666666667
1076,79,1,3,16,6.0,2,1,2,1,3.0,4.5,2.5,2.0,5.75,1.5,5.333333333,3.916666667,7,3,2,4,6,1,3.833333333
570,70,0,5,14,6.0,1,1,2,1,2.0,5.666666667,2.75,4.0,4.0,1.875,2.0,2.083333333,7,4,6,7,6,6,6.0
763,24,0,1,6,10.0,1,0,2,3,2.0,5.0,3.5,4.0,5.25,3.0,3.333333333,2.916666667,6,4,5,6,4,3,4.666666667
1024,69,0,10,9,7.0,1,1,1,1,4.0,4.666666667,3.0,2.0,4.5,2.375,2.833333333,3.416666667,6,4,3,7,5,6,5.166666667
1300,56,0,3,17,14.0,1,1,2,1,2.0,5.333333333,2.75,3.25,2.25,1.625,2.0,2.25,7,7,6,7,4,5,6.0
1028,46,0,11,17,13.0,1,0,3,1,3.0,4.333333333,4.0,4.0,3.0,3.25,3.333333333,3.083333333,5,4,5,5,4,4,4.5
1653,37,1,8,17,14.0,2,1,1,3,3.0,4.666666667,3.75,3.75,3.5,4.125,4.833333333,3.583333333,1,7,6,5,6,3,4.666666667
1918,28,0,8,16,13.0,2,0,3,1,2.0,5.666666667,4.75,5.25,1.75,1.75,4.166666667,1.583333333,7,7,7,7,7,5,6.666666667
1,58,0,10,11,1.0,1,1,4,2,4.0,5.0,1.0,2.0,5.0,3.0,2.833333333,4.083333333,6,4,1,6,1,1,3.166666667
786,53,1,11,12,14.0,1,1,6,3,5.0,4.333333333,3.25,2.5,5.5,3.75,3.166666667,2.75,7,3,1,7,4,4,4.333333333
680,75,0,2,1,8.0,1,0,2,2,4.0,5.0,2.75,3.0,5.0,3.125,3.666666667,3.833333333,7,4,6,7,6,4,5.666666667
715,63,1,3,11,6.0,1,0,2,1,1.0,6.0,1.25,3.0,3.5,1.125,1.833333333,1.583333333,7,7,7,7,7,6,6.833333333
580,65,1,7,17,5.0,3,1,2,1,4.0,5.333333333,4.25,4.0,4.25,3.0,3.166666667,3.083333333,6,4,4,6,7,6,5.5
1625,36,0,10,13,13.0,1,1,2,2,5.0,4.166666667,2.75,3.75,4.5,3.625,1.833333333,3.833333333,7,7,7,7,4,3,5.833333333
1488,70,0,3,16,3.0,1,1,2,1,3.0,4.833333333,2.5,3.75,3.0,2.25,2.166666667,3.0,7,7,2,6,4,4,5.0
1170,28,1,11,17,15.0,1,0,1,1,3.0,4.5,2.75,3.25,4.25,3.625,4.0,2.916666667,5,4,7,4,4,1,4.166666667
1545,33,1,7,10,14.0,1,1,2,3,5.0,3.333333333,3.75,3.75,3.25,3.5,4.166666667,3.916666667,5,4,5,4,5,4,4.5
1140,38,0,11,11,9.0,1,1,7,2,5.0,3.0,1.25,2.5,4.25,4.5,4.666666667,4.833333333,4,4,2,5,2,1,3.0
1893,19,1,7,17,14.0,1,0,7,3,4.0,2.833333333,3.25,3.0,3.0,1.625,2.333333333,3.25,5,7,7,5,5,7,6.0
940,48,0,3,16,11.0,1,1,1,2,4.0,4.833333333,2.5,4.0,3.75,3.875,3.5,3.75,5,5,2,5,4,3,4.0
326,50,0,10,17,1.0,1,0,2,1,1.0,5.166666667,2.0,4.25,1.25,1.5,2.0,1.583333333,6,7,6,6,6,7,6.333333333
835,37,0,6,17,9.0,4,0,2,1,4.0,5.5,2.75,3.5,2.0,1.0,1.833333333,2.333333333,6,6,6,7,6,6,6.166666667
247,66,1,11,16,7.0,1,0,6,1,2.0,4.5,2.0,2.5,3.75,1.875,2.833333333,3.0,7,7,4,7,4,6,5.833333333
1023,59,1,8,8,2.0,1,0,1,2,5.0,4.5,2.25,3.5,4.5,3.5,3.5,4.083333333,4,4,4,4,4,4,4.0
1478,36,0,3,16,7.0,1,0,2,1,2.0,4.833333333,2.5,2.5,3.25,2.0,2.166666667,2.25,4,4,4,6,4,4,4.333333333
1281,36,0,10,17,8.0,3,1,7,2,4.0,5.0,4.75,5.0,5.0,4.0,3.166666667,3.916666667,4,4,4,4,3,4,3.833333333
1866,32,0,7,16,11.0,4,0,2,1,1.0,5.166666667,3.0,4.5,2.0,1.25,2.5,1.916666667,7,7,7,4,1,7,5.5
174,47,1,1,11,1.0,1,0,7,3,4.0,3.333333333,2.5,4.25,4.25,3.625,4.666666667,4.083333333,5,3,1,4,2,1,2.666666667
1906,20,0,5,11,6.0,4,0,7,3,1.0,5.666666667,3.25,3.75,2.25,1.0,1.166666667,1.416666667,7,7,7,7,7,6,6.833333333
337,84,1,8,17,5.0,1,1,2,2,3.0,4.333333333,2.5,4.25,4.75,2.625,2.833333333,2.666666667,7,6,6,5,6,6,6.0
686,62,0,2,11,10.0,1,0,5,2,4.0,4.5,1.5,2.5,4.75,3.125,3.833333333,3.416666667,5,4,2,5,4,2,3.666666667
1011,67,1,1,5,6.0,1,1,1,2,5.0,4.5,2.0,3.5,5.25,2.125,2.166666667,4.25,7,4,6,7,4,4,5.333333333
509,71,0,8,11,3.0,1,1,5,3,3.0,5.666666667,2.75,3.5,4.75,3.875,4.0,4.0,7,5,2,7,2,6,4.833333333
1584,49,0,3,11,14.0,1,1,1,1,6.0,5.333333333,4.5,4.5,6.0,4.25,5.666666667,5.583333333,7,5,3,7,7,2,5.166666667
471,63,1,7,3,6.0,1,1,7,2,3.0,4.833333333,1.25,3.75,3.5,2.625,3.333333333,4.083333333,6,2,2,6,4,4,4.0
137,75,0,3,4,4.0,1,0,7,3,4.0,5.333333333,2.0,2.25,5.5,1.0,2.833333333,4.0,7,4,5,7,5,4,5.333333333
532,34,1,2,11,13.0,1,0,1,2,5.0,4.0,4.0,4.0,4.0,3.75,3.666666667,3.75,6,3,4,5,5,6,4.833333333
256,50,1,3,1,2.0,1,0,7,2,2.0,3.666666667,2.25,3.5,3.0,3.375,3.5,4.0,5,3,3,5,4,4,4.0
552,73,1,9,9,11.0,1,0,1,1,4.0,5.0,4.75,4.0,4.75,3.625,4.666666667,4.75,6,3,2,6,4,3,4.0
1021,24,1,11,12,9.0,1,0,6,3,2.0,4.666666667,2.0,4.0,2.5,2.125,4.166666667,3.0,7,6,5,5,6,4,5.5
595,62,1,3,16,11.0,1,0,2,1,3.0,4.0,3.25,3.75,4.75,3.25,2.5,4.333333333,6,3,2,6,4,1,3.666666667
281,63,0,4,16,4.0,1,1,1,2,5.0,5.0,1.5,4.25,4.25,2.5,5.0,3.583333333,6,3,2,6,4,2,3.833333333
1546,33,1,7,10,14.0,1,1,2,3,6.0,3.333333333,3.5,4.0,3.25,3.625,4.5,4.166666667,4,4,5,5,5,4,4.5
1247,34,1,5,16,12.0,1,0,2,1,4.0,4.833333333,3.0,4.75,4.0,3.75,4.0,3.666666667,6,4,4,6,4,2,4.333333333
1705,33,1,7,16,14.0,1,0,1,1,4.0,4.666666667,3.5,4.75,4.0,3.5,4.0,4.0,5,4,2,5,5,5,4.333333333
262,42,1,4,16,9.0,1,0,4,2,7.0,2.666666667,2.75,2.75,3.75,4.5,1.166666667,1.666666667,4,1,1,1,1,1,1.5
623,57,0,10,17,4.0,1,1,6,2,3.0,5.833333333,4.5,4.5,4.0,2.875,1.5,2.75,7,7,7,7,7,4,6.5
1884,24,0,2,16,11.0,1,0,5,3,3.0,5.5,3.25,4.5,5.75,2.875,4.0,3.5,7,6,7,5,6,2,5.5
316,24,1,5,16,9.0,1,0,3,3,3.0,4.666666667,3.75,4.25,3.5,2.125,3.833333333,4.0,7,7,6,6,7,5,6.333333333
60,73,1,2,1,4.0,1,1,2,1,3.0,5.166666667,3.5,4.5,4.75,2.125,2.0,3.166666667,6,3,3,6,3,2,3.833333333
1200,35,0,7,16,3.0,1,0,5,1,2.0,5.333333333,2.75,4.25,3.25,1.875,2.666666667,2.416666667,7,7,7,7,6,6,6.666666667
366,25,0,11,16,3.0,1,0,5,1,2.0,5.833333333,3.0,5.5,2.5,1.125,3.833333333,1.5,7,7,7,7,7,6,6.833333333
1965,22,0,2,11,2.0,1,0,2,3,3.0,5.333333333,2.75,4.0,2.5,2.5,1.666666667,2.75,2,6,6,7,6,4,5.166666667
1350,36,1,7,16,14.0,1,0,2,3,2.0,4.166666667,2.25,4.0,2.5,1.125,1.833333333,2.333333333,7,5,3,5,6,7,5.5
808,55,1,8,9,15.0,1,1,3,1,5.0,5.0,4.25,3.25,4.75,2.625,5.166666667,3.083333333,7,6,6,7,6,3,5.833333333
1173,24,0,10,11,3.0,1,0,5,3,2.0,4.333333333,3.75,4.0,1.0,4.0,3.166666667,2.0,7,7,7,4,7,2,5.666666667
322,63,0,10,16,11.0,1,1,6,1,2.0,4.0,2.75,3.5,3.75,1.75,4.0,3.0,7,6,6,6,6,6,6.166666667
1075,44,1,2,1,7.0,1,1,2,1,4.0,5.833333333,1.75,2.0,5.25,2.125,2.333333333,4.5,6,4,6,7,3,2,4.666666667
272,66,0,2,13,7.0,1,0,1,1,5.0,4.0,2.5,2.0,3.5,4.25,4.666666667,4.083333333,4,2,1,2,4,1,2.333333333
327,43,1,8,17,13.0,1,1,3,1,3.0,4.5,2.25,4.75,2.75,2.625,5.666666667,3.0,5,1,4,4,6,4,4.0
11,74,1,1,11,8.0,1,0,1,2,5.0,3.833333333,2.0,4.5,4.25,2.75,4.0,4.416666667,7,3,3,7,5,4,4.833333333
1355,21,0,2,16,9.0,2,0,7,3,4.0,3.666666667,3.75,4.5,4.5,3.75,4.0,4.333333333,6,6,1,5,3,5,4.333333333
1225,65,0,6,16,5.0,1,1,2,1,3.0,6.0,2.25,3.5,3.0,1.375,3.0,2.083333333,7,7,3,7,6,7,6.166666667
1373,40,1,9,17,14.0,1,1,3,3,5.0,4.333333333,3.75,3.75,4.75,2.375,3.666666667,4.083333333,7,4,3,5,5,4,4.666666667
910,62,1,7,11,15.0,1,0,7,3,3.0,4.0,3.25,4.0,2.5,3.875,3.333333333,2.25,7,7,7,7,5,5,6.333333333
142,65,1,6,16,3.0,4,0,3,1,2.0,5.333333333,3.25,5.0,3.75,1.375,2.833333333,2.833333333,7,7,7,7,7,6,6.833333333
1444,64,1,9,5,7.0,1,1,1,2,5.0,3.333333333,3.0,3.0,4.75,3.75,4.5,4.25,6,2,1,6,1,1,2.833333333
440,31,0,8,17,3.0,1,0,2,1,2.0,5.166666667,4.75,4.75,1.5,1.0,1.166666667,1.416666667,7,7,5,7,2,5,5.5
410,74,0,8,16,10.0,1,1,1,2,5.0,5.166666667,2.0,4.25,4.5,3.875,2.333333333,3.75,5,1,2,6,2,5,3.5
1392,24,0,7,9,3.0,1,1,2,3,4.0,3.0,3.0,3.5,3.5,3.875,3.833333333,4.0,4,4,4,4,5,4,4.166666667
257,72,1,11,17,6.0,1,0,6,1,2.0,4.666666667,1.5,3.75,1.75,1.375,2.166666667,1.833333333,7,7,6,7,6,6,6.5
1105,60,0,1,11,3.0,1,0,1,1,4.0,3.333333333,3.0,2.5,3.25,3.375,3.666666667,3.75,4,4,2,6,5,5,4.333333333
1386,67,1,3,7,4.0,1,1,1,2,2.0,2.0,4.0,2.75,4.0,5.375,5.666666667,3.75,7,1,1,1,1,1,2.0
347,50,0,7,16,7.0,1,0,7,3,3.0,4.166666667,1.5,2.25,3.5,3.0,2.833333333,2.583333333,5,5,4,6,4,4,4.666666667
87,74,0,5,16,8.0,1,1,3,1,4.0,5.333333333,3.25,3.25,4.5,3.375,3.0,3.833333333,6,3,3,7,4,6,4.833333333
208,43,0,2,17,15.0,1,1,2,1,3.0,4.833333333,2.75,3.25,2.75,1.625,3.5,3.916666667,7,1,2,5,4,5,4.0
1268,30,0,7,16,13.0,1,0,2,3,1.0,5.666666667,3.5,5.0,4.5,4.125,3.666666667,4.166666667,4,4,4,4,4,4,4.0
1002,53,1,5,9,1.0,1,1,7,1,5.0,5.333333333,2.25,3.5,4.0,1.375,1.5,3.833333333,5,1,2,2,2,4,2.666666667
1475,48,0,2,11,5.0,1,1,7,2,1.0,5.166666667,2.25,5.0,4.25,3.375,2.833333333,3.666666667,4,4,4,6,2,7,4.5
898,23,0,9,9,7.0,1,0,2,3,1.0,4.166666667,4.5,4.25,3.25,1.75,2.166666667,3.0,5,5,3,5,6,4,4.666666667
865,29,1,8,17,7.0,1,0,3,1,5.0,4.166666667,3.5,4.75,3.75,4.75,4.0,3.333333333,7,7,5,7,7,1,5.666666667
50,72,1,8,9,6.0,1,1,1,2,3.0,4.333333333,3.0,4.5,5.25,4.875,3.166666667,4.916666667,2,1,1,2,2,4,2.0
1012,71,0,11,17,4.0,1,0,7,1,2.0,5.5,1.25,4.0,4.0,2.5,1.833333333,4.25,7,5,5,7,7,5,6.0
1033,52,1,8,17,14.0,1,1,3,1,3.0,5.333333333,4.5,6.0,3.0,2.0,3.166666667,2.083333333,7,7,4,7,4,4,5.5
1139,35,1,4,1,5.0,1,0,7,3,5.0,5.166666667,3.25,4.5,4.5,3.875,5.333333333,3.0,5,4,1,4,3,2,3.166666667
1464,69,1,6,15,13.0,1,1,2,2,3.0,4.666666667,3.0,3.75,3.75,2.125,1.0,2.5,7,7,6,7,6,6,6.5
689,43,1,4,9,10.0,1,1,1,2,6.0,4.0,2.0,2.5,5.5,3.75,3.166666667,4.666666667,5,3,4,5,5,4,4.333333333
1254,63,0,7,9,2.0,3,1,2,1,4.0,4.833333333,3.25,3.5,4.5,2.125,3.0,3.666666667,4,6,4,7,4,2,4.5
716,46,0,7,16,12.0,2,1,2,2,6.0,5.0,3.25,3.75,4.0,2.0,4.166666667,3.25,5,4,5,5,4,5,4.666666667
847,64,0,6,11,8.0,1,1,1,1,3.0,5.5,2.5,3.25,4.75,3.125,3.833333333,3.0,7,5,7,6,6,4,5.833333333
492,65,1,11,16,8.0,1,1,1,2,3.0,2.666666667,3.75,3.25,5.25,4.125,3.833333333,4.5,3,2,1,3,1,4,2.333333333
1146,32,0,8,11,8.0,1,1,1,2,5.0,5.5,3.75,5.5,4.25,3.125,4.0,3.833333333,4,4,6,7,4,4,4.833333333
1442,31,0,7,11,12.0,1,1,1,2,4.0,3.5,1.75,2.25,4.0,1.75,2.666666667,2.916666667,4,4,3,4,2,2,3.166666667
825,60,0,1,5,6.0,1,1,7,1,4.0,4.833333333,2.5,2.25,3.25,3.0,2.833333333,3.25,7,4,3,7,5,5,5.166666667
738,57,1,2,9,4.0,1,0,2,1,1.0,5.5,1.5,2.75,4.5,1.75,3.0,2.666666667,6,3,2,6,3,6,4.333333333
331,35,0,11,17,9.0,1,0,2,1,1.0,6.0,4.0,3.75,2.75,1.125,2.333333333,2.583333333,7,7,7,7,7,7,7.0
35,81,0,9,11,5.0,1,1,5,2,3.0,5.333333333,2.75,4.25,4.5,2.75,2.0,3.0,5,4,3,7,4,5,4.666666667
1675,20,1,7,17,15.0,2,0,7,3,3.0,5.166666667,3.25,4.25,3.5,2.625,3.5,3.25,7,7,6,7,6,3,6.0
1496,64,0,8,9,9.0,1,1,1,1,5.0,5.166666667,3.0,3.75,5.5,3.0,3.166666667,3.75,6,4,4,5,4,6,4.833333333
127,73,1,11,15,2.0,1,1,1,1,6.0,5.333333333,1.5,3.25,5.25,1.625,1.0,4.166666667,4,2,1,7,6,5,4.166666667
505,77,0,8,15,9.0,1,1,3,1,3.0,5.5,3.0,3.0,5.25,3.125,4.5,3.916666667,6,5,6,7,4,4,5.333333333
1839,34,1,7,17,14.0,1,1,3,3,2.0,4.0,4.5,4.75,4.75,5.125,4.666666667,3.833333333,7,4,5,5,6,3,5.0
515,69,1,8,16,5.0,1,1,1,2,3.0,3.833333333,2.25,2.75,2.5,2.375,2.0,4.583333333,7,5,4,7,6,4,5.5
1255,55,1,5,11,9.0,1,1,7,2,4.0,5.0,3.75,3.5,4.5,2.375,1.0,3.0,5,5,4,4,4,1,3.833333333
692,77,1,9,3,9.0,1,1,1,2,6.0,5.333333333,3.5,3.5,5.75,3.125,2.0,4.416666667,1,1,1,5,3,1,2.0
1315,41,0,4,1,7.0,2,1,1,1,4.0,5.0,2.0,3.5,5.0,3.875,3.5,4.75,4,5,1,5,5,4,4.0
1227,70,0,7,17,15.0,2,0,3,1,3.0,4.666666667,3.75,4.75,5.5,3.75,4.333333333,4.0,5,3,4,5,4,5,4.333333333
1166,50,1,7,17,13.0,4,1,3,2,4.0,5.0,4.25,4.75,5.0,3.25,1.666666667,3.166666667,7,6,3,7,3,2,4.666666667
1018,75,1,11,12,2.0,1,0,7,2,6.0,3.333333333,2.0,4.5,5.0,3.875,4.0,5.25,3,1,1,5,3,1,2.333333333
1540,37,1,7,15,14.0,1,1,6,3,6.0,4.0,3.75,4.75,5.75,5.125,6.333333333,4.75,6,1,1,1,1,1,1.833333333
1330,76,1,8,3,6.0,1,0,3,1,5.0,4.5,2.0,3.5,3.0,2.375,2.666666667,2.5,6,5,6,7,5,5,5.666666667
849,79,1,9,7,7.0,1,1,1,1,5.0,4.833333333,2.25,3.25,4.75,3.625,2.833333333,3.166666667,7,6,4,7,5,4,5.5
735,65,0,8,11,13.0,1,1,1,2,5.0,3.666666667,3.5,3.5,4.5,4.0,3.833333333,4.25,3,7,1,4,2,3,3.333333333
1344,46,1,3,11,6.0,1,1,1,2,7.0,4.0,2.75,4.0,4.5,4.25,6.666666667,4.75,5,6,2,5,2,5,4.166666667
1892,29,0,6,9,7.0,1,0,7,3,5.0,4.166666667,2.25,3.5,2.5,2.0,1.833333333,3.0,7,4,6,7,7,5,6.0
699,55,0,8,4,9.0,1,0,2,1,3.0,5.333333333,1.25,3.5,2.0,2.0,1.666666667,2.166666667,7,7,6,7,7,4,6.333333333
769,48,0,4,9,11.0,1,1,3,1,3.0,4.833333333,2.0,3.25,1.75,1.625,2.666666667,2.666666667,7,6,7,7,7,6,6.666666667
143,44,0,5,16,13.0,1,1,2,1,4.0,5.166666667,3.0,5.25,3.75,3.75,4.5,3.416666667,7,6,7,7,7,4,6.333333333
1828,22,0,8,13,9.0,1,0,7,3,2.0,3.333333333,6.0,4.0,3.75,2.125,3.333333333,1.416666667,7,5,5,7,6,6,6.0
928,77,1,10,1,8.0,1,1,7,3,4.0,4.833333333,4.0,3.25,3.75,1.0,2.0,3.5,7,7,1,7,5,1,4.666666667
1621,28,0,4,16,10.0,3,0,7,3,6.0,4.333333333,2.25,3.25,4.5,3.25,2.5,4.416666667,7,6,6,5,6,6,6.0
219,37,0,5,9,11.0,1,1,3,1,4.0,4.5,3.25,3.5,3.0,2.75,3.333333333,3.25,5,5,3,4,5,5,4.5
780,63,1,8,5,9.0,1,1,3,2,4.0,4.0,2.0,4.5,4.5,4.0,5.333333333,4.416666667,7,4,6,7,2,6,5.333333333
172,50,0,9,11,5.0,1,1,1,2,4.0,5.5,2.25,3.0,5.5,2.0,4.666666667,4.083333333,7,4,6,7,6,4,5.666666667
1881,31,0,1,11,12.0,1,0,7,3,6.0,5.0,2.0,3.75,3.5,1.375,4.666666667,3.25,6,3,3,3,3,1,3.166666667
1801,32,1,7,16,13.0,1,0,2,1,3.0,4.5,3.25,5.75,3.0,2.375,2.166666667,3.083333333,7,7,7,7,7,6,6.833333333
1393,71,1,9,6,5.0,1,0,7,3,5.0,3.833333333,1.5,3.0,3.5,4.25,5.166666667,4.0,6,4,4,6,2,2,4.0
1309,68,0,10,15,12.0,1,1,2,1,4.0,5.0,2.0,3.5,4.0,1.875,2.833333333,2.75,6,2,6,6,4,2,4.333333333
20,69,1,4,3,3.0,1,1,1,2,6.0,3.166666667,2.5,3.0,4.0,3.75,2.666666667,4.416666667,5,3,2,6,3,3,3.666666667
739,63,1,9,16,5.0,1,1,1,2,6.0,3.166666667,3.75,5.25,2.75,3.125,4.333333333,3.5,6,3,7,6,6,1,4.833333333
1141,28,0,5,16,12.0,1,1,7,1,3.0,5.166666667,2.0,2.75,2.0,2.25,1.833333333,3.0,7,4,4,6,4,4,4.833333333
1663,28,1,7,17,5.0,2,0,7,3,3.0,4.166666667,4.0,4.5,4.25,2.75,4.0,3.416666667,5,3,2,5,5,5,4.166666667
89,42,0,8,11,14.0,1,1,1,1,5.0,4.0,2.75,2.25,4.5,5.25,2.833333333,5.0,6,4,4,6,4,2,4.333333333
320,71,0,9,11,2.0,1,1,3,1,4.0,5.833333333,1.75,4.25,5.0,6.75,4.5,5.0,7,3,1,7,6,1,4.166666667
778,68,1,7,17,11.0,1,1,3,1,3.0,3.666666667,4.0,4.75,2.75,3.5,6.166666667,2.916666667,7,3,6,6,7,2,5.166666667
1068,37,1,4,11,13.0,1,1,7,1,4.0,3.833333333,2.0,4.25,3.75,3.25,2.666666667,3.416666667,6,3,1,4,3,3,3.333333333
1587,36,1,10,16,14.0,1,0,2,1,4.0,4.5,4.75,3.25,3.25,1.75,1.833333333,2.25,7,4,7,7,4,5,5.666666667
798,65,0,7,9,6.0,3,1,2,1,4.0,4.333333333,1.75,2.5,3.75,2.375,2.5,3.5,7,6,6,7,1,5,5.333333333
1015,33,1,11,17,13.0,1,0,6,1,2.0,4.5,3.0,4.0,3.75,3.625,4.0,3.666666667,5,4,4,4,4,4,4.166666667
1832,39,0,2,15,9.0,1,1,3,3,4.0,4.0,4.0,4.0,3.75,4.25,3.5,3.666666667,5,2,1,1,4,6,3.166666667
1934,36,0,11,16,10.0,1,1,1,3,6.0,4.666666667,2.0,2.5,5.5,2.0,2.333333333,4.25,5,4,4,7,6,6,5.333333333
1842,21,0,3,11,13.0,1,0,7,3,2.0,4.666666667,2.25,4.75,2.0,2.125,1.833333333,2.833333333,6,5,5,5,5,5,5.166666667
1311,51,0,4,16,4.0,4,1,5,2,2.0,5.833333333,2.25,3.25,5.0,1.75,1.666666667,2.333333333,6,6,3,7,6,7,5.833333333
481,62,0,1,9,2.0,1,0,1,2,5.0,4.333333333,2.5,4.0,4.25,3.875,3.333333333,3.75,4,2,1,5,4,5,3.5
615,51,0,9,11,6.0,1,1,5,2,3.0,5.666666667,1.25,2.25,3.75,1.875,2.166666667,1.916666667,7,7,7,7,7,5,6.666666667
26,74,1,7,16,6.0,2,1,2,3,4.0,5.833333333,2.25,3.0,5.25,1.25,5.166666667,3.166666667,6,4,3,7,4,7,5.166666667
1334,55,1,7,17,13.0,1,0,7,3,1.0,6.0,2.25,5.75,2.25,1.0,1.333333333,1.666666667,7,7,7,7,7,7,7.0
590,51,0,1,2,8.0,1,1,7,2,4.0,5.333333333,1.0,3.25,2.75,1.625,1.0,2.583333333,4,4,1,5,4,4,3.666666667
1594,47,1,5,9,13.0,4,1,3,1,4.0,6.0,6.0,6.0,6.0,4.0,5.0,4.25,4,5,1,7,7,7,5.166666667
420,68,0,5,15,13.0,1,1,3,1,3.0,6.0,1.75,4.25,2.0,2.125,4.0,2.0,7,6,7,1,6,6,5.5
334,83,1,8,16,7.0,2,1,2,1,3.0,5.333333333,3.25,4.0,4.5,1.0,1.666666667,3.416666667,7,7,7,7,6,6,6.666666667
194,38,0,10,16,12.0,1,1,1,1,5.0,4.166666667,2.25,2.5,3.75,2.625,1.666666667,3.333333333,6,5,4,5,4,4,4.666666667
984,67,1,10,9,5.0,1,1,2,2,4.0,5.0,2.5,4.75,4.25,3.25,2.666666667,3.916666667,6,5,4,7,4,5,5.166666667
46,76,1,2,1,4.0,1,1,1,1,2.0,5.666666667,2.5,4.0,6.0,2.5,3.166666667,4.333333333,7,4,7,7,7,4,6.0
672,45,0,5,6,12.0,1,1,7,2,4.0,4.166666667,3.25,3.75,4.0,2.75,5.833333333,3.916666667,6,4,2,4,5,5,4.333333333
1407,20,0,6,11,12.0,1,0,7,3,2.0,5.833333333,2.75,3.0,3.25,1.5,2.666666667,2.5,7,7,7,7,2,5,5.833333333
1791,48,1,7,11,13.0,1,1,1,2,5.0,3.833333333,2.25,2.75,3.75,3.875,6.166666667,3.833333333,7,4,2,5,4,5,4.5
1821,33,0,2,16,9.0,1,1,1,1,1.0,5.833333333,4.75,5.25,5.25,3.625,2.666666667,3.333333333,6,6,4,5,3,5,4.833333333
626,47,0,10,15,13.0,1,0,1,2,5.0,4.5,2.75,3.75,5.5,4.0,4.166666667,3.75,7,3,3,7,6,2,4.666666667
806,51,1,2,16,13.0,1,0,2,1,2.0,5.333333333,3.25,3.5,2.25,1.625,1.833333333,1.75,7,7,7,7,3,5,6.0
1563,43,1,7,17,14.0,2,1,7,3,2.0,4.666666667,5.5,4.75,4.75,2.125,2.833333333,2.833333333,6,6,6,6,6,6,6.0
1737,51,1,6,9,6.0,1,0,7,3,4.0,4.666666667,2.5,3.5,3.25,2.75,2.5,3.0,6,3,3,6,3,2,3.833333333
389,51,1,11,11,7.0,1,0,1,1,5.0,5.166666667,2.0,4.0,4.25,4.125,2.5,3.5,5,5,3,5,3,3,4.0
1337,38,0,3,15,5.0,1,1,7,3,4.0,4.5,2.25,3.75,5.0,4.375,3.5,4.666666667,6,5,4,4,6,5,5.0
179,59,1,3,11,3.0,1,0,1,2,3.0,4.166666667,1.75,3.0,4.25,3.875,4.166666667,3.416666667,5,4,5,7,5,4,5.0
1912,27,1,3,16,2.0,3,0,7,2,6.0,4.833333333,3.0,6.0,4.75,5.75,5.0,3.25,7,7,7,6,7,6,6.666666667
136,44,1,5,16,12.0,2,1,1,1,5.0,4.166666667,4.25,4.25,4.5,4.0,4.333333333,3.833333333,6,4,4,6,5,5,5.0
1322,34,1,7,15,2.0,1,1,3,2,4.0,2.166666667,2.75,3.0,2.25,4.25,3.666666667,4.333333333,3,3,2,2,3,2,2.5
524,72,1,10,6,3.0,1,1,6,1,2.0,5.166666667,2.25,5.25,2.25,3.125,1.166666667,3.083333333,6,3,7,7,6,2,5.166666667
1677,24,0,8,11,11.0,1,1,3,3,4.0,4.5,5.0,4.0,3.5,2.875,2.666666667,2.75,5,5,5,4,4,4,4.5
810,27,0,9,16,7.0,4,0,2,1,1.0,5.5,2.5,5.5,3.25,2.25,2.5,1.916666667,7,7,7,6,7,7,6.833333333
293,77,0,7,9,4.0,1,0,1,2,4.0,5.5,4.25,4.75,5.25,3.375,3.166666667,4.166666667,5,3,2,6,3,2,3.5
144,47,0,8,16,13.0,3,1,2,1,4.0,3.166666667,3.75,4.0,4.25,1.875,4.666666667,3.25,6,6,5,6,6,6,5.833333333
1536,18,0,7,9,13.0,4,0,7,3,5.0,3.0,3.0,3.0,3.0,3.75,4.333333333,4.333333333,4,5,5,4,5,4,4.5
1072,42,0,1,14,3.0,1,1,7,3,6.0,5.5,2.25,4.0,4.75,3.375,4.666666667,4.416666667,4,4,3,5,4,5,4.166666667
828,57,0,11,17,10.0,1,1,3,1,4.0,3.833333333,2.25,3.5,2.25,2.375,2.166666667,3.833333333,6,4,2,1,2,3,3.0
353,51,1,2,2,3.0,1,1,7,3,4.0,4.333333333,2.5,3.75,5.25,3.625,3.666666667,3.916666667,6,6,5,6,6,1,5.0
500,55,0,8,11,9.0,1,1,1,1,5.0,4.333333333,2.5,3.5,3.75,3.125,4.0,2.5,6,4,4,6,6,2,4.666666667
443,78,1,2,1,3.0,1,1,1,2,6.0,4.0,3.0,4.5,4.75,4.375,5.0,4.166666667,7,3,3,7,4,1,4.166666667
904,24,0,9,11,13.0,1,0,3,3,1.0,5.333333333,2.0,4.25,3.0,1.125,2.0,2.75,7,5,7,7,7,7,6.666666667
1902,27,1,7,16,3.0,4,0,7,3,5.0,4.833333333,4.5,5.0,5.25,3.5,6.0,3.5,6,4,3,5,4,6,4.666666667
1036,70,1,5,9,5.0,1,0,1,2,6.0,3.833333333,2.25,3.75,3.0,3.125,2.0,4.166666667,1,1,1,7,1,1,2.0
227,80,0,8,16,5.0,1,1,1,1,5.0,5.166666667,2.0,4.25,3.5,3.5,4.333333333,3.916666667,7,6,5,7,3,5,5.5
1742,41,0,4,9,9.0,1,0,1,2,5.0,4.0,2.25,4.5,4.75,3.75,2.666666667,3.75,4,3,1,6,4,4,3.666666667
962,58,0,4,16,13.0,1,1,2,1,3.0,5.333333333,2.75,3.5,2.5,3.125,2.0,2.416666667,7,7,7,7,7,6,6.833333333
1372,52,0,4,17,13.0,1,1,1,2,6.0,4.833333333,4.0,3.25,4.0,4.125,4.166666667,3.333333333,7,7,6,7,4,1,5.333333333
1370,35,1,7,16,6.0,1,0,2,1,3.0,4.0,4.5,5.5,3.0,3.125,4.833333333,2.583333333,7,5,6,7,7,1,5.5
248,39,1,5,11,13.0,1,1,2,1,3.0,5.833333333,4.5,4.25,5.5,3.25,4.166666667,3.916666667,7,7,7,7,7,4,6.5
223,71,0,8,16,14.0,1,1,1,1,6.0,3.666666667,2.0,2.25,3.75,3.0,2.333333333,3.5,6,4,3,4,3,4,4.0
882,38,0,7,17,12.0,2,0,7,3,2.0,5.333333333,3.25,4.0,3.5,2.25,3.166666667,3.166666667,7,5,6,7,6,7,6.333333333
1463,33,0,9,17,2.0,1,0,5,1,2.0,5.833333333,2.0,5.0,3.5,1.75,2.666666667,1.583333333,7,7,4,7,6,7,6.333333333
117,62,0,2,11,4.0,1,1,2,1,2.0,5.166666667,2.5,3.75,3.5,2.5,1.666666667,2.666666667,7,6,6,6,6,5,6.0
1119,34,0,8,16,14.0,1,1,1,1,4.0,5.666666667,3.5,4.0,5.0,3.625,6.0,5.583333333,7,4,7,7,4,7,6.0
1421,39,1,10,15,6.0,1,1,2,2,2.0,4.166666667,2.0,3.25,5.0,1.875,1.833333333,2.583333333,6,1,2,7,1,4,3.5
204,65,0,4,16,8.0,1,0,2,2,2.0,6.0,1.0,5.0,2.5,1.0,2.333333333,2.583333333,7,7,7,7,7,7,7.0
1174,34,0,7,17,8.0,1,0,2,1,2.0,5.166666667,1.5,3.75,3.25,1.125,2.666666667,1.5,7,4,4,7,5,7,5.666666667
693,46,0,8,9,10.0,1,1,1,1,5.0,4.5,2.5,3.25,3.5,3.375,3.833333333,4.0,5,5,5,6,5,4,5.0
496,53,0,7,15,7.0,1,1,1,1,3.0,5.166666667,2.0,4.25,4.25,1.875,1.0,3.0,7,7,1,6,3,4,4.666666667
97,70,0,2,16,4.0,1,0,2,1,2.0,5.833333333,2.75,3.75,3.5,1.75,2.666666667,2.333333333,7,7,6,7,7,7,6.833333333
657,37,1,8,16,3.0,1,0,6,3,1.0,4.833333333,1.5,4.75,1.75,1.375,3.333333333,2.333333333,7,7,7,6,6,4,6.166666667
378,70,1,7,16,5.0,1,0,3,1,2.0,3.5,2.5,3.5,1.5,2.5,5.5,2.833333333,7,4,6,7,7,5,6.0
200,77,0,9,8,3.0,1,1,1,2,3.0,4.666666667,3.5,4.75,5.75,3.875,2.666666667,4.583333333,7,5,2,5,5,3,4.5
1738,19,1,6,11,4.0,2,0,7,3,3.0,5.0,5.0,4.5,4.75,2.875,7.0,4.5,1,2,1,1,1,4,1.666666667
