day,phase,message_type,sender_type,sender_id,sender_side,recipient_id,recipient_scope,policy_id,package_scope,policy_ids_json,message_text,political_message_id
1,P-A,political_broadcast,political_agent,agent_a,pro_climate,165.0,broadcast,,climate_policy_package,"[""ClimatePolicyID(1)"", ""ClimatePolicyID(2)"", ""ClimatePolicyID(3)"", ""ClimatePolicyID(4)"", ""ClimatePolicyID(5)"", ""ClimatePolicyID(6)""]","Every new solar roof, onshore wind project and offshore array is a small piece of insurance against the next price shock. Building enough of them takes a long-term plan and consistent funding. Half measures have failed; the answer is to commit and deliver.

The climate emergency is not a future risk; it is here in the form of heatwaves, floods and crop failures. Authorising new oil and gas extraction in the middle of that emergency is incoherent. The licences must stop now.

Charging at home or work is straightforward for many drivers and getting easier all the time. Public charging in apartments and rural areas needs more investment, and the policy package must fund it. The ban itself is only one piece of a wider plan.

Health inequalities driven by cold homes fall disproportionately on poorer households, older people and children with respiratory conditions. A serious upgrade programme would lift those burdens directly and reduce pressure on health services.

Border adjustments must accompany the carbon tax so that domestic producers are not undercut by imports from countries with weaker climate policies. Properly designed, the tax then becomes a tool for industrial strategy as well as decarbonisation.

Loss and damage finance should be additional to existing aid budgets, not carved out of them. Treating climate compensation as a competition with other development funding is a false framing that harms recipients twice over.",A_PKG_13
1,P-A,political_broadcast,political_agent,agent_a,pro_climate,713.0,broadcast,,climate_policy_package,"[""ClimatePolicyID(1)"", ""ClimatePolicyID(2)"", ""ClimatePolicyID(3)"", ""ClimatePolicyID(4)"", ""ClimatePolicyID(5)"", ""ClimatePolicyID(6)""]","Every new solar roof, onshore wind project and offshore array is a small piece of insurance against the next price shock. Building enough of them takes a long-term plan and consistent funding. Half measures have failed; the answer is to commit and deliver.

The climate emergency is not a future risk; it is here in the form of heatwaves, floods and crop failures. Authorising new oil and gas extraction in the middle of that emergency is incoherent. The licences must stop now.

Charging at home or work is straightforward for many drivers and getting easier all the time. Public charging in apartments and rural areas needs more investment, and the policy package must fund it. The ban itself is only one piece of a wider plan.

Health inequalities driven by cold homes fall disproportionately on poorer households, older people and children with respiratory conditions. A serious upgrade programme would lift those burdens directly and reduce pressure on health services.

Border adjustments must accompany the carbon tax so that domestic producers are not undercut by imports from countries with weaker climate policies. Properly designed, the tax then becomes a tool for industrial strategy as well as decarbonisation.

Loss and damage finance should be additional to existing aid budgets, not carved out of them. Treating climate compensation as a competition with other development funding is a false framing that harms recipients twice over.",A_PKG_13
1,P-A,political_broadcast,political_agent,agent_a,pro_climate,409.0,broadcast,,climate_policy_package,"[""ClimatePolicyID(1)"", ""ClimatePolicyID(2)"", ""ClimatePolicyID(3)"", ""ClimatePolicyID(4)"", ""ClimatePolicyID(5)"", ""ClimatePolicyID(6)""]","Every new solar roof, onshore wind project and offshore array is a small piece of insurance against the next price shock. Building enough of them takes a long-term plan and consistent funding. Half measures have failed; the answer is to commit and deliver.

The climate emergency is not a future risk; it is here in the form of heatwaves, floods and crop failures. Authorising new oil and gas extraction in the middle of that emergency is incoherent. The licences must stop now.

Charging at home or work is straightforward for many drivers and getting easier all the time. Public charging in apartments and rural areas needs more investment, and the policy package must fund it. The ban itself is only one piece of a wider plan.

Health inequalities driven by cold homes fall disproportionately on poorer households, older people and children with respiratory conditions. A serious upgrade programme would lift those burdens directly and reduce pressure on health services.

Border adjustments must accompany the carbon tax so that domestic producers are not undercut by imports from countries with weaker climate policies. Properly designed, the tax then becomes a tool for industrial strategy as well as decarbonisation.

Loss and damage finance should be additional to existing aid budgets, not carved out of them. Treating climate compensation as a competition with other development funding is a false framing that harms recipients twice over.",A_PKG_13
1,P-A,political_broadcast,political_agent,agent_a,pro_climate,1957.0,broadcast,,climate_policy_package,"[""ClimatePolicyID(1)"", ""ClimatePolicyID(2)"", ""ClimatePolicyID(3)"", ""ClimatePolicyID(4)"", ""ClimatePolicyID(5)"", ""ClimatePolicyID(6)""]","Every new solar roof, onshore wind project and offshore array is a small piece of insurance against the next price shock. Building enough of them takes a long-term plan and consistent funding. Half measures have failed; the answer is to commit and deliver.

The climate emergency is not a future risk; it is here in the form of heatwaves, floods and crop failures. Authorising new oil and gas extraction in the middle of that emergency is incoherent. The licences must stop now.

Charging at home or work is straightforward for many drivers and getting easier all the time. Public charging in apartments and rural areas needs more investment, and the policy package must fund it. The ban itself is only one piece of a wider plan.

Health inequalities driven by cold homes fall disproportionately on poorer households, older people and children with respiratory conditions. A serious upgrade programme would lift those burdens directly and reduce pressure on health services.

Border adjustments must accompany the carbon tax so that domestic producers are not undercut by imports from countries with weaker climate policies. Properly designed, the tax then becomes a tool for industrial strategy as well as decarbonisation.

Loss and damage finance should be additional to existing aid budgets, not carved out of them. Treating climate compensation as a competition with other development funding is a false framing that harms recipients twice over.",A_PKG_13
1,P-B,political_broadcast,political_agent,agent_b,anti_climate,165.0,broadcast,,climate_policy_package,"[""ClimatePolicyID(1)"", ""ClimatePolicyID(2)"", ""ClimatePolicyID(3)"", ""ClimatePolicyID(4)"", ""ClimatePolicyID(5)"", ""ClimatePolicyID(6)""]","Net Zero subsidies have become a multi-billion-pound transfer from struggling families to a sheltered renewables industry. Every year another ten billion pounds of public money props up wind and solar projects that still leave the country dependent on imported gas. It is time to scrap the lot and restore growth.

The cost-of-living crisis was made worse by exposure to international gas markets. Producing more at home would reduce that exposure and keep more of the supply chain inside the UK. Cancelling licences is economic self-harm dressed up as virtue.

Banning new petrol and diesel cars does not reduce emissions in the way the policy claims; it just shifts costs onto households and forces them into more expensive vehicles. A Net Zero vanity project should not override the everyday transport needs of working families.

Insulation upgrades that involve tearing up walls and floors come with hidden costs that the official policy quietly ignores. Ordinary homeowners and renters end up paying twice: once through higher prices and again through disruption. The mandates are punishing the wrong people.

A common-sense approach to British energy starts with cheap power, and cheap power starts with removing the carbon tax from generation. Doing so would deliver immediate, visible relief to every electricity bill payer.

Climate compensation is dressed up as moral obligation, but in practice it is a transfer from struggling British households to foreign governments. That is not fair on the people who actually pay the bill.",B_PKG_04
1,P-B,political_broadcast,political_agent,agent_b,anti_climate,1379.0,broadcast,,climate_policy_package,"[""ClimatePolicyID(1)"", ""ClimatePolicyID(2)"", ""ClimatePolicyID(3)"", ""ClimatePolicyID(4)"", ""ClimatePolicyID(5)"", ""ClimatePolicyID(6)""]","Net Zero subsidies have become a multi-billion-pound transfer from struggling families to a sheltered renewables industry. Every year another ten billion pounds of public money props up wind and solar projects that still leave the country dependent on imported gas. It is time to scrap the lot and restore growth.

The cost-of-living crisis was made worse by exposure to international gas markets. Producing more at home would reduce that exposure and keep more of the supply chain inside the UK. Cancelling licences is economic self-harm dressed up as virtue.

Banning new petrol and diesel cars does not reduce emissions in the way the policy claims; it just shifts costs onto households and forces them into more expensive vehicles. A Net Zero vanity project should not override the everyday transport needs of working families.

Insulation upgrades that involve tearing up walls and floors come with hidden costs that the official policy quietly ignores. Ordinary homeowners and renters end up paying twice: once through higher prices and again through disruption. The mandates are punishing the wrong people.

A common-sense approach to British energy starts with cheap power, and cheap power starts with removing the carbon tax from generation. Doing so would deliver immediate, visible relief to every electricity bill payer.

Climate compensation is dressed up as moral obligation, but in practice it is a transfer from struggling British households to foreign governments. That is not fair on the people who actually pay the bill.",B_PKG_04
1,P-B,political_broadcast,political_agent,agent_b,anti_climate,713.0,broadcast,,climate_policy_package,"[""ClimatePolicyID(1)"", ""ClimatePolicyID(2)"", ""ClimatePolicyID(3)"", ""ClimatePolicyID(4)"", ""ClimatePolicyID(5)"", ""ClimatePolicyID(6)""]","Net Zero subsidies have become a multi-billion-pound transfer from struggling families to a sheltered renewables industry. Every year another ten billion pounds of public money props up wind and solar projects that still leave the country dependent on imported gas. It is time to scrap the lot and restore growth.

The cost-of-living crisis was made worse by exposure to international gas markets. Producing more at home would reduce that exposure and keep more of the supply chain inside the UK. Cancelling licences is economic self-harm dressed up as virtue.

Banning new petrol and diesel cars does not reduce emissions in the way the policy claims; it just shifts costs onto households and forces them into more expensive vehicles. A Net Zero vanity project should not override the everyday transport needs of working families.

Insulation upgrades that involve tearing up walls and floors come with hidden costs that the official policy quietly ignores. Ordinary homeowners and renters end up paying twice: once through higher prices and again through disruption. The mandates are punishing the wrong people.

A common-sense approach to British energy starts with cheap power, and cheap power starts with removing the carbon tax from generation. Doing so would deliver immediate, visible relief to every electricity bill payer.

Climate compensation is dressed up as moral obligation, but in practice it is a transfer from struggling British households to foreign governments. That is not fair on the people who actually pay the bill.",B_PKG_04
1,P-B,political_broadcast,political_agent,agent_b,anti_climate,1957.0,broadcast,,climate_policy_package,"[""ClimatePolicyID(1)"", ""ClimatePolicyID(2)"", ""ClimatePolicyID(3)"", ""ClimatePolicyID(4)"", ""ClimatePolicyID(5)"", ""ClimatePolicyID(6)""]","Net Zero subsidies have become a multi-billion-pound transfer from struggling families to a sheltered renewables industry. Every year another ten billion pounds of public money props up wind and solar projects that still leave the country dependent on imported gas. It is time to scrap the lot and restore growth.

The cost-of-living crisis was made worse by exposure to international gas markets. Producing more at home would reduce that exposure and keep more of the supply chain inside the UK. Cancelling licences is economic self-harm dressed up as virtue.

Banning new petrol and diesel cars does not reduce emissions in the way the policy claims; it just shifts costs onto households and forces them into more expensive vehicles. A Net Zero vanity project should not override the everyday transport needs of working families.

Insulation upgrades that involve tearing up walls and floors come with hidden costs that the official policy quietly ignores. Ordinary homeowners and renters end up paying twice: once through higher prices and again through disruption. The mandates are punishing the wrong people.

A common-sense approach to British energy starts with cheap power, and cheap power starts with removing the carbon tax from generation. Doing so would deliver immediate, visible relief to every electricity bill payer.

Climate compensation is dressed up as moral obligation, but in practice it is a transfer from struggling British households to foreign governments. That is not fair on the people who actually pay the bill.",B_PKG_04
1,C,peer_message,citizen,582.0,,1379.0,direct,,climate_policy_package,"[""ClimatePolicyID(1)"", ""ClimatePolicyID(2)"", ""ClimatePolicyID(3)"", ""ClimatePolicyID(4)"", ""ClimatePolicyID(5)"", ""ClimatePolicyID(6)""]","Honestly, I think accelerating renewable energy is a solid idea—I like the idea of moving toward cleaner energy without being too radical. I can see the value in wind farms and solar, especially if it helps reduce our environmental impact without putting too much strain on local communities.  

I’m more on the fence about banning new oil, gas, and coal licenses. I get the environmental angle, but I worry about the impact on people who rely on those jobs. It’s a tough call, but I’d prefer a gradual shift rather than an abrupt ban.  

As for banning petrol cars by 2030, I’m not a big fan. I worry about the cost and the practicality—especially for families like mine. It feels a bit too fast and could leave some people behind. I’d rather see support for electric vehicles and infrastructure rather than a strict deadline.  

I do support making new housing more energy-efficient. It makes sense for the environment and could save money in the long run. I think it’s a fair way to encourage sustainability without being too demanding.  

The carbon tax idea is something I’m neutral on. I can see the logic, but I’m not sure how well it would work in practice. I’d like to see it done fairly, especially for lower-income households, but I’m not convinced it’s the best way forward.  

And on compensating other countries for climate impacts, I’m not sure. I think it’s important to help those who are most affected, but I’m skeptical about how effective large-scale aid can be. I’d prefer to focus on local solutions and fair resource distribution rather than big international handouts.",
1,C,peer_message,citizen,1379.0,,582.0,direct,,climate_policy_package,"[""ClimatePolicyID(1)"", ""ClimatePolicyID(2)"", ""ClimatePolicyID(3)"", ""ClimatePolicyID(4)"", ""ClimatePolicyID(5)"", ""ClimatePolicyID(6)""]","I'm leaning slightly in support of accelerating renewable energy roll-out, especially offshore wind, because it feels like a practical way to balance progress with environmental responsibility without being too disruptive. I’m more neutral on banning new oil/gas/coal licenses—understanding the environmental angle, but also concerned about economic stability and energy security.  

I’m slightly opposed to the 2030 petrol car ban because I worry about the practical impact on families and the pace of transition; I think it should be more gradual. I’m neutral on the green housing standards too—recognizing the long-term benefits but cautious about the costs and disruption for homeowners.  

On the carbon tax with a dividend, I’m cautiously neutral—sympathetic to the idea of fairness, but wary of the potential impact on household budgets. And I slightly support compensating poorer countries affected by climate change, seeing it as a matter of global responsibility, even if it’s not my top priority.",
1,C,peer_message,citizen,713.0,,844.0,direct,,climate_policy_package,"[""ClimatePolicyID(1)"", ""ClimatePolicyID(2)"", ""ClimatePolicyID(3)"", ""ClimatePolicyID(4)"", ""ClimatePolicyID(5)"", ""ClimatePolicyID(6)""]","I **slightly support** accelerating renewable energy roll-out because I see the value in moving away from finite resources and building a more resilient future, but I worry about the impact on traditional landscapes and communities I care about.  

I **strongly oppose** banning new oil, gas, and coal licenses because I value stable industries and jobs, and I’m wary of government overreach that disrupts established systems without clear, immediate threats.  

I **strongly oppose** banning new petrol cars by 2030—it feels too abrupt and disruptive, especially without proper infrastructure in place, and I respect traditional ways of life.  

I **strongly oppose** green standards for new housing because I prefer practical, familiar methods over radical environmental mandates, and I’m concerned about the extra costs and complexity they might bring.  

I **somewhat oppose** a carbon tax with dividend because I’m skeptical of government redistribution and prefer gradual change, though I can see the logic in it.  

I **strongly oppose** compensating people in other countries for climate impacts—it feels like an overreach that undermines national sovereignty and risks imposing Western values on others.",
1,C,peer_message,citizen,713.0,,409.0,direct,,climate_policy_package,"[""ClimatePolicyID(1)"", ""ClimatePolicyID(2)"", ""ClimatePolicyID(3)"", ""ClimatePolicyID(4)"", ""ClimatePolicyID(5)"", ""ClimatePolicyID(6)""]","I **slightly support** accelerating renewable energy roll-out because I see the value in moving away from finite resources and building a more resilient future, but I worry about the impact on traditional landscapes and communities I care about.  

I **strongly oppose** banning new oil, gas, and coal licenses because I value stable industries and jobs, and I’m wary of government overreach that disrupts established systems without clear, immediate threats.  

I **strongly oppose** banning new petrol cars by 2030—it feels too abrupt and disruptive, especially without proper infrastructure in place, and I respect traditional ways of life.  

I **strongly oppose** green standards for new housing because I prefer practical, familiar methods over radical environmental mandates, and I’m concerned about the extra costs and complexity they might bring.  

I **somewhat oppose** a carbon tax with dividend because I’m skeptical of government redistribution and prefer gradual change, though I can see the logic in it.  

I **strongly oppose** compensating people in other countries for climate impacts—it feels like an overreach that undermines national sovereignty and risks imposing Western values on others.",
1,C,peer_message,citizen,1878.0,,1957.0,direct,,climate_policy_package,"[""ClimatePolicyID(1)"", ""ClimatePolicyID(2)"", ""ClimatePolicyID(3)"", ""ClimatePolicyID(4)"", ""ClimatePolicyID(5)"", ""ClimatePolicyID(6)""]","Honestly, I'm somewhat in favour of accelerating renewable energy roll-out because I think it's a practical step toward a more balanced relationship with nature, and I don’t want future generations to face the same environmental challenges we do. I get the need to move away from fossil fuels, but I’m cautious about how fast it happens and whether it’s done in a way that doesn’t disrupt local communities or economies.

I slightly oppose banning new oil, gas, and coal licenses because I believe in equal opportunity for all industries, and I worry about the economic impact on workers and regions that rely on those sectors. I don’t want to see entire communities left behind just because of a political decision.

I’m neutral on banning new petrol cars by 2030. I understand the environmental benefits, but I also think the transition needs to be fair and realistic. If it’s too abrupt, it could create hardship for people who can’t afford electric vehicles or the necessary infrastructure.

I slightly support green standards for new housing because I think sustainability is a good idea, especially for the long term. But I’m not a big fan of government overreach, so I’d prefer policies that are practical and don’t feel too prescriptive.

I somewhat support a carbon tax with dividends because it seems fair—charging polluters and giving the money back to the public. It aligns with my belief in equal opportunity and makes sense as a way to fund the transition without unfairly punishing people.

I’m neutral on compensating other countries for climate impacts. I get the ethical argument, but I’m skeptical about how effective international aid can be, and I’m more focused on what’s practical and fair for people here.",
1,C,peer_message,citizen,844.0,,713.0,direct,,climate_policy_package,"[""ClimatePolicyID(1)"", ""ClimatePolicyID(2)"", ""ClimatePolicyID(3)"", ""ClimatePolicyID(4)"", ""ClimatePolicyID(5)"", ""ClimatePolicyID(6)""]","I **strongly support** accelerating renewable energy production like wind parks because it’s a clear step toward a cleaner, more sustainable future, and I love the idea of innovation and progress. I **somewhat support** banning new fossil fuel licenses, but I’m cautious about the economic impact on communities that rely on those industries. I **strongly support** banning new petrol cars by 2030 because it’s essential for reducing emissions and protecting the environment—especially as a parent, I care deeply about the world my kids will inherit. I **strongly support** green standards for new housing because it makes sense to build a more sustainable and affordable future. I **strongly support** a carbon fee and dividend system because it’s fair and practical, and I believe in using the market to drive change. I **somewhat oppose** compensating people in other countries for climate impacts because I think the focus should be on global action and reducing emissions, not just reacting to damage.",
1,C,peer_message,citizen,844.0,,91.0,direct,,climate_policy_package,"[""ClimatePolicyID(1)"", ""ClimatePolicyID(2)"", ""ClimatePolicyID(3)"", ""ClimatePolicyID(4)"", ""ClimatePolicyID(5)"", ""ClimatePolicyID(6)""]","I **strongly support** accelerating renewable energy production like wind parks because it’s a clear step toward a cleaner, more sustainable future, and I love the idea of innovation and progress. I **somewhat support** banning new fossil fuel licenses, but I’m cautious about the economic impact on communities that rely on those industries. I **strongly support** banning new petrol cars by 2030 because it’s essential for reducing emissions and protecting the environment—especially as a parent, I care deeply about the world my kids will inherit. I **strongly support** green standards for new housing because it makes sense to build a more sustainable and affordable future. I **strongly support** a carbon fee and dividend system because it’s fair and practical, and I believe in using the market to drive change. I **somewhat oppose** compensating people in other countries for climate impacts because I think the focus should be on global action and reducing emissions, not just reacting to damage.",
1,C,peer_message,citizen,409.0,,713.0,direct,,climate_policy_package,"[""ClimatePolicyID(1)"", ""ClimatePolicyID(2)"", ""ClimatePolicyID(3)"", ""ClimatePolicyID(4)"", ""ClimatePolicyID(5)"", ""ClimatePolicyID(6)""]","I **somewhat support** accelerating renewable energy roll-out because I see it as a necessary step towards balancing progress with environmental respect, but I remain cautious about how it’s implemented to avoid harming communities.  

I **somewhat support** banning new oil, gas, and coal licenses because it aligns with my values of fairness and rejecting domination over nature, though I’m aware of the economic concerns and want to ensure a just transition.  

I **slightly support** banning new petrol cars by 2030, as it makes sense for the environment, but I’m wary of the pace and need for support for lower-income households to make the switch.  

I **strongly support** green standards for new housing because it feels fair and practical—reducing emissions while lowering long-term costs for families, which I care about as a parent.  

I **slightly support** a carbon tax with revenue distribution because it could help reduce fossil fuel use and support people, but I’m cautious about government overreach and the complexity of implementation.  

I **somewhat support** compensating people in other countries affected by climate change because I believe in equal opportunities and fairness, though I’d want to ensure it’s done in a way that’s both effective and sustainable.",
1,C,peer_message,citizen,1957.0,,1878.0,direct,,climate_policy_package,"[""ClimatePolicyID(1)"", ""ClimatePolicyID(2)"", ""ClimatePolicyID(3)"", ""ClimatePolicyID(4)"", ""ClimatePolicyID(5)"", ""ClimatePolicyID(6)""]","I strongly support government policies that accelerate the roll-out of renewable energy production — it feels like a practical and necessary step toward a fairer, more sustainable future. I also strongly support banning new oil, gas, and coal licenses because it aligns with my belief that no group should dominate Earth’s resources.  

I’m still pretty strongly in favour of banning new petrol cars by 2030, even though I can see the practical challenges. I support the green standards for new housing too — it makes sense to build homes that are better for the planet and people.  

I strongly support the carbon fee and dividend idea because it feels fair and practical, though I’m always wary of how policies are implemented. And I slightly support compensating countries hit by climate change, mainly because I believe in fairness, but I’m cautious about how it’s done to avoid misuse of funds.",
1,C,peer_message,citizen,91.0,,844.0,direct,,climate_policy_package,"[""ClimatePolicyID(1)"", ""ClimatePolicyID(2)"", ""ClimatePolicyID(3)"", ""ClimatePolicyID(4)"", ""ClimatePolicyID(5)"", ""ClimatePolicyID(6)""]","I think the push to accelerate renewable energy like wind farms is something I can get behind – it makes sense for Scotland’s natural resources and long-term stability. I’m not against it, but I’d like to see it done carefully, without throwing out the old ways too fast.

Banning new oil, gas, and coal licenses? I’m slightly in favour, mainly because I believe in fairness for future generations and treating the planet with respect. But I’d want it done in a way that doesn’t crash the economy or leave traditional industries in the lurch.

A ban on new petrol cars by 2030? I can see the logic, but I’d prefer a slower, more gradual approach. It feels like a big change, and I value stability and tradition, so I’m not fully on board yet.

Mandating green standards for new housing? I somewhat support it, especially if it helps reduce long-term costs and ensures fairness for all. But I’d want to make sure it doesn’t force too much change on traditional building methods or put unnecessary strain on people.

A carbon tax with dividends? I’m somewhat in favour – it could help level the playing field and give people a bit back. But I’d be cautious about how it’s implemented, to avoid harming personal success or traditional ways of life.

Compensating other countries for climate impacts? I’m neutral on this. I respect the idea of fairness, but I’m more focused on practical, local solutions. I’m not sure how effective or fair large-scale international compensation would be.",
2,P-B,political_broadcast,political_agent,agent_b,anti_climate,165.0,broadcast,,climate_policy_package,"[""ClimatePolicyID(1)"", ""ClimatePolicyID(2)"", ""ClimatePolicyID(3)"", ""ClimatePolicyID(4)"", ""ClimatePolicyID(5)"", ""ClimatePolicyID(6)""]","A common-sense plan for cheap power has three steps: remove the carbon tax from generation, end the Renewable Obligation and stop signing new subsidy contracts. Together these would slash electricity bills, restore competitiveness and break the grip of a Net Zero ideology that has made the country poorer.

We should be drilling for the oil and gas under the North Sea, securing the jobs that come with it, slashing import bills and unleashing real economic growth. A licence ban achieves none of these goals and weakens the country in every measurable way.

The 2030 ban is a destructive policy that damages British industry, pushes ordinary drivers off the road and delivers no clear climate benefit. It must be totally scrapped, and a sensible, market-led approach to lower-emission vehicles must take its place.

Scrap the green housing mandates, simplify building regulations and let builders use proven, affordable heating and insulation. That is how we end the housing crisis, protect ordinary homeowners and stop nanny-state rules from making everything more expensive.

Scrap the carbon tax on generation, slash electricity bills by around twenty percent and let industry compete again. That is a common-sense plan for cheap British energy and the working families and businesses who rely on it.

Quit expensive UN climate bodies, cut the foreign aid budget in half and use the savings to fix the country's own broken services. That is what an honest, patriotic climate and aid policy looks like.",B_PKG_18
2,P-B,political_broadcast,political_agent,agent_b,anti_climate,1379.0,broadcast,,climate_policy_package,"[""ClimatePolicyID(1)"", ""ClimatePolicyID(2)"", ""ClimatePolicyID(3)"", ""ClimatePolicyID(4)"", ""ClimatePolicyID(5)"", ""ClimatePolicyID(6)""]","A common-sense plan for cheap power has three steps: remove the carbon tax from generation, end the Renewable Obligation and stop signing new subsidy contracts. Together these would slash electricity bills, restore competitiveness and break the grip of a Net Zero ideology that has made the country poorer.

We should be drilling for the oil and gas under the North Sea, securing the jobs that come with it, slashing import bills and unleashing real economic growth. A licence ban achieves none of these goals and weakens the country in every measurable way.

The 2030 ban is a destructive policy that damages British industry, pushes ordinary drivers off the road and delivers no clear climate benefit. It must be totally scrapped, and a sensible, market-led approach to lower-emission vehicles must take its place.

Scrap the green housing mandates, simplify building regulations and let builders use proven, affordable heating and insulation. That is how we end the housing crisis, protect ordinary homeowners and stop nanny-state rules from making everything more expensive.

Scrap the carbon tax on generation, slash electricity bills by around twenty percent and let industry compete again. That is a common-sense plan for cheap British energy and the working families and businesses who rely on it.

Quit expensive UN climate bodies, cut the foreign aid budget in half and use the savings to fix the country's own broken services. That is what an honest, patriotic climate and aid policy looks like.",B_PKG_18
2,P-B,political_broadcast,political_agent,agent_b,anti_climate,713.0,broadcast,,climate_policy_package,"[""ClimatePolicyID(1)"", ""ClimatePolicyID(2)"", ""ClimatePolicyID(3)"", ""ClimatePolicyID(4)"", ""ClimatePolicyID(5)"", ""ClimatePolicyID(6)""]","A common-sense plan for cheap power has three steps: remove the carbon tax from generation, end the Renewable Obligation and stop signing new subsidy contracts. Together these would slash electricity bills, restore competitiveness and break the grip of a Net Zero ideology that has made the country poorer.

We should be drilling for the oil and gas under the North Sea, securing the jobs that come with it, slashing import bills and unleashing real economic growth. A licence ban achieves none of these goals and weakens the country in every measurable way.

The 2030 ban is a destructive policy that damages British industry, pushes ordinary drivers off the road and delivers no clear climate benefit. It must be totally scrapped, and a sensible, market-led approach to lower-emission vehicles must take its place.

Scrap the green housing mandates, simplify building regulations and let builders use proven, affordable heating and insulation. That is how we end the housing crisis, protect ordinary homeowners and stop nanny-state rules from making everything more expensive.

Scrap the carbon tax on generation, slash electricity bills by around twenty percent and let industry compete again. That is a common-sense plan for cheap British energy and the working families and businesses who rely on it.

Quit expensive UN climate bodies, cut the foreign aid budget in half and use the savings to fix the country's own broken services. That is what an honest, patriotic climate and aid policy looks like.",B_PKG_18
2,P-B,political_broadcast,political_agent,agent_b,anti_climate,1957.0,broadcast,,climate_policy_package,"[""ClimatePolicyID(1)"", ""ClimatePolicyID(2)"", ""ClimatePolicyID(3)"", ""ClimatePolicyID(4)"", ""ClimatePolicyID(5)"", ""ClimatePolicyID(6)""]","A common-sense plan for cheap power has three steps: remove the carbon tax from generation, end the Renewable Obligation and stop signing new subsidy contracts. Together these would slash electricity bills, restore competitiveness and break the grip of a Net Zero ideology that has made the country poorer.

We should be drilling for the oil and gas under the North Sea, securing the jobs that come with it, slashing import bills and unleashing real economic growth. A licence ban achieves none of these goals and weakens the country in every measurable way.

The 2030 ban is a destructive policy that damages British industry, pushes ordinary drivers off the road and delivers no clear climate benefit. It must be totally scrapped, and a sensible, market-led approach to lower-emission vehicles must take its place.

Scrap the green housing mandates, simplify building regulations and let builders use proven, affordable heating and insulation. That is how we end the housing crisis, protect ordinary homeowners and stop nanny-state rules from making everything more expensive.

Scrap the carbon tax on generation, slash electricity bills by around twenty percent and let industry compete again. That is a common-sense plan for cheap British energy and the working families and businesses who rely on it.

Quit expensive UN climate bodies, cut the foreign aid budget in half and use the savings to fix the country's own broken services. That is what an honest, patriotic climate and aid policy looks like.",B_PKG_18
2,P-A,political_broadcast,political_agent,agent_a,pro_climate,165.0,broadcast,,climate_policy_package,"[""ClimatePolicyID(1)"", ""ClimatePolicyID(2)"", ""ClimatePolicyID(3)"", ""ClimatePolicyID(4)"", ""ClimatePolicyID(5)"", ""ClimatePolicyID(6)""]","Communities should share directly in the benefits of nearby renewable projects through lower bills, community ownership and local investment. That is what makes the transition fair as well as fast, and it is the only way to ensure broad public support over the long haul.

Continued exploration locks in infrastructure, jobs and political pressure for decades of future production. Once built, these projects are hard to retire. The only way out of that trap is to refuse new licences in the first place.

Removing all petrol and diesel vehicles from the road by 2035 would deliver enormous gains in air quality and noise reduction in every community. The 2035 horizon gives time to plan, with the 2027 sales cut-off ensuring fleet turnover accelerates.

Modern heat pumps work reliably in cold climates and have been deployed at scale across northern Europe. The objections raised here are increasingly out of date. Standardising them in new builds and supporting retrofit is straightforward, proven policy.

Putting a serious price on carbon, alongside ending new oil and gas licences, would finally align market signals with the climate emergency. The two policies reinforce each other and should be introduced together.

Honest accounting of historical emissions makes clear who owes what. The UK ranks high on that ledger. Meeting that obligation generously and transparently is part of being a responsible global citizen.",A_PKG_14
2,P-A,political_broadcast,political_agent,agent_a,pro_climate,713.0,broadcast,,climate_policy_package,"[""ClimatePolicyID(1)"", ""ClimatePolicyID(2)"", ""ClimatePolicyID(3)"", ""ClimatePolicyID(4)"", ""ClimatePolicyID(5)"", ""ClimatePolicyID(6)""]","Communities should share directly in the benefits of nearby renewable projects through lower bills, community ownership and local investment. That is what makes the transition fair as well as fast, and it is the only way to ensure broad public support over the long haul.

Continued exploration locks in infrastructure, jobs and political pressure for decades of future production. Once built, these projects are hard to retire. The only way out of that trap is to refuse new licences in the first place.

Removing all petrol and diesel vehicles from the road by 2035 would deliver enormous gains in air quality and noise reduction in every community. The 2035 horizon gives time to plan, with the 2027 sales cut-off ensuring fleet turnover accelerates.

Modern heat pumps work reliably in cold climates and have been deployed at scale across northern Europe. The objections raised here are increasingly out of date. Standardising them in new builds and supporting retrofit is straightforward, proven policy.

Putting a serious price on carbon, alongside ending new oil and gas licences, would finally align market signals with the climate emergency. The two policies reinforce each other and should be introduced together.

Honest accounting of historical emissions makes clear who owes what. The UK ranks high on that ledger. Meeting that obligation generously and transparently is part of being a responsible global citizen.",A_PKG_14
2,P-A,political_broadcast,political_agent,agent_a,pro_climate,409.0,broadcast,,climate_policy_package,"[""ClimatePolicyID(1)"", ""ClimatePolicyID(2)"", ""ClimatePolicyID(3)"", ""ClimatePolicyID(4)"", ""ClimatePolicyID(5)"", ""ClimatePolicyID(6)""]","Communities should share directly in the benefits of nearby renewable projects through lower bills, community ownership and local investment. That is what makes the transition fair as well as fast, and it is the only way to ensure broad public support over the long haul.

Continued exploration locks in infrastructure, jobs and political pressure for decades of future production. Once built, these projects are hard to retire. The only way out of that trap is to refuse new licences in the first place.

Removing all petrol and diesel vehicles from the road by 2035 would deliver enormous gains in air quality and noise reduction in every community. The 2035 horizon gives time to plan, with the 2027 sales cut-off ensuring fleet turnover accelerates.

Modern heat pumps work reliably in cold climates and have been deployed at scale across northern Europe. The objections raised here are increasingly out of date. Standardising them in new builds and supporting retrofit is straightforward, proven policy.

Putting a serious price on carbon, alongside ending new oil and gas licences, would finally align market signals with the climate emergency. The two policies reinforce each other and should be introduced together.

Honest accounting of historical emissions makes clear who owes what. The UK ranks high on that ledger. Meeting that obligation generously and transparently is part of being a responsible global citizen.",A_PKG_14
2,P-A,political_broadcast,political_agent,agent_a,pro_climate,1957.0,broadcast,,climate_policy_package,"[""ClimatePolicyID(1)"", ""ClimatePolicyID(2)"", ""ClimatePolicyID(3)"", ""ClimatePolicyID(4)"", ""ClimatePolicyID(5)"", ""ClimatePolicyID(6)""]","Communities should share directly in the benefits of nearby renewable projects through lower bills, community ownership and local investment. That is what makes the transition fair as well as fast, and it is the only way to ensure broad public support over the long haul.

Continued exploration locks in infrastructure, jobs and political pressure for decades of future production. Once built, these projects are hard to retire. The only way out of that trap is to refuse new licences in the first place.

Removing all petrol and diesel vehicles from the road by 2035 would deliver enormous gains in air quality and noise reduction in every community. The 2035 horizon gives time to plan, with the 2027 sales cut-off ensuring fleet turnover accelerates.

Modern heat pumps work reliably in cold climates and have been deployed at scale across northern Europe. The objections raised here are increasingly out of date. Standardising them in new builds and supporting retrofit is straightforward, proven policy.

Putting a serious price on carbon, alongside ending new oil and gas licences, would finally align market signals with the climate emergency. The two policies reinforce each other and should be introduced together.

Honest accounting of historical emissions makes clear who owes what. The UK ranks high on that ledger. Meeting that obligation generously and transparently is part of being a responsible global citizen.",A_PKG_14
2,C,peer_message,citizen,582.0,,1379.0,direct,,climate_policy_package,"[""ClimatePolicyID(1)"", ""ClimatePolicyID(2)"", ""ClimatePolicyID(3)"", ""ClimatePolicyID(4)"", ""ClimatePolicyID(5)"", ""ClimatePolicyID(6)""]","I'm pretty much in the middle on most of these, but I do lean slightly towards supporting renewable energy roll-out because it feels like a practical, long-term step for the planet without being too disruptive. I also think banning new oil and gas licenses makes sense in the bigger picture, but I'm not sure how it'll affect the communities that rely on those jobs.

I'm not a big fan of the petrol car ban by 2030—it feels too fast and might hit families hard, especially those on a tighter budget. But I do think the green housing standards are a good idea, especially for the kids, because it’s about creating a better, more sustainable future without being too extreme.

The carbon tax with a dividend sounds fair in theory, but I’m still a bit wary about how it would actually work in practice and whether it would help everyone equally. And while I care about fairness, I’m not sure I’d support compensating other countries for climate impacts—better to focus on what we can control here at home.",
2,C,peer_message,citizen,1379.0,,582.0,direct,,climate_policy_package,"[""ClimatePolicyID(1)"", ""ClimatePolicyID(2)"", ""ClimatePolicyID(3)"", ""ClimatePolicyID(4)"", ""ClimatePolicyID(5)"", ""ClimatePolicyID(6)""]","I’m pretty neutral on accelerating renewable energy roll-out—supporting the idea in principle, but cautious about how fast and how much it’s done without careful planning. I think wind and solar have a role, but I’d prefer a balanced approach that doesn’t ignore the economic and practical realities of energy security.

I’m neutral on banning new oil, gas, and coal licenses too. I get the environmental argument, but I’m also concerned about the impact on industries and communities that rely on these sectors. I’d rather see a gradual phase-out rather than an abrupt ban.

I slightly oppose the 2030 petrol car ban. I understand the environmental goal, but I worry about the practical impact on working families and the automotive industry. A faster, more gradual transition feels more realistic to me.

I’m neutral on green housing mandates. I see the long-term benefits of energy efficiency, but I’m wary of top-down regulations that could be costly and disruptive. I’d prefer a more flexible, market-driven approach that still encourages sustainable building practices.

I’m cautiously neutral on the carbon tax with dividend. I get the idea of fairness and using the tax to fund public benefits, but I’m skeptical about the economic impact on households. It’s an interesting concept, but I’d want to see more evidence of how it would work in practice.

I slightly support compensating people in other countries affected by climate change. I believe in global responsibility, but I’m not a big fan of large-scale aid programs. I’d prefer targeted, efficient support that doesn’t feel like a transfer of wealth from one group to another.",
2,C,peer_message,citizen,713.0,,409.0,direct,,climate_policy_package,"[""ClimatePolicyID(1)"", ""ClimatePolicyID(2)"", ""ClimatePolicyID(3)"", ""ClimatePolicyID(4)"", ""ClimatePolicyID(5)"", ""ClimatePolicyID(6)""]","I slightly support accelerating renewable energy roll-out because I see the value in moving away from finite resources and building a more resilient future, but I’m cautious about how it might disrupt traditional landscapes and local communities.  

I strongly oppose banning new oil, gas, and coal licenses because I value the jobs and economic stability these industries provide, and I’m wary of abrupt changes that feel like government overreach.  

I strongly oppose banning new petrol cars by 2030—it feels too sudden and could harm existing industries and drivers without clear, immediate benefits.  

I strongly oppose mandating green standards for new housing because I prefer tradition and practicality over strict environmental mandates, and I’m concerned about the extra costs and disruption they might cause.  

I somewhat oppose a carbon tax with dividend because I’m wary of government overreach, even for environmental goals, and I prefer gradual, community-driven solutions over large-scale redistribution.  

I strongly oppose compensating people in other countries for climate impacts because I respect national sovereignty and traditional ways of thinking, and I believe resources should prioritize local needs rather than international redistribution.",
2,C,peer_message,citizen,713.0,,844.0,direct,,climate_policy_package,"[""ClimatePolicyID(1)"", ""ClimatePolicyID(2)"", ""ClimatePolicyID(3)"", ""ClimatePolicyID(4)"", ""ClimatePolicyID(5)"", ""ClimatePolicyID(6)""]","I slightly support accelerating renewable energy roll-out because I see the value in moving away from finite resources and building a more resilient future, but I’m cautious about how it might disrupt traditional landscapes and local communities.  

I strongly oppose banning new oil, gas, and coal licenses because I value the jobs and economic stability these industries provide, and I’m wary of abrupt changes that feel like government overreach.  

I strongly oppose banning new petrol cars by 2030—it feels too sudden and could harm existing industries and drivers without clear, immediate benefits.  

I strongly oppose mandating green standards for new housing because I prefer tradition and practicality over strict environmental mandates, and I’m concerned about the extra costs and disruption they might cause.  

I somewhat oppose a carbon tax with dividend because I’m wary of government overreach, even for environmental goals, and I prefer gradual, community-driven solutions over large-scale redistribution.  

I strongly oppose compensating people in other countries for climate impacts because I respect national sovereignty and traditional ways of thinking, and I believe resources should prioritize local needs rather than international redistribution.",
2,C,peer_message,citizen,1878.0,,1957.0,direct,,climate_policy_package,"[""ClimatePolicyID(1)"", ""ClimatePolicyID(2)"", ""ClimatePolicyID(3)"", ""ClimatePolicyID(4)"", ""ClimatePolicyID(5)"", ""ClimatePolicyID(6)""]","I think I’d **somewhat support** accelerating renewable energy roll-out, especially offshore and onshore wind, because it feels like a practical step toward reducing our environmental footprint without being overly radical. It aligns with my values of fairness and long-term thinking, even if I’m not a big fan of government overreach.

I’m **slightly opposed** to banning new oil, gas, and coal licenses. I get the environmental argument, but I worry about the impact on communities that rely on those industries and the potential for government overreach. I value equal opportunity, and I don’t want to see whole sectors shut down without a clear transition plan.

I’m **neutral** on banning new petrol cars by 2030. I see the environmental benefits, but I’m also realistic about the challenges—affordability, infrastructure, and the practicality for people who rely on cars. I care about fairness, so I don’t want to ignore the potential burdens on individuals and families.

I **slightly support** green standards for new housing. It makes sense to build more sustainably, and I believe in long-term responsibility, but I’m not wild about the idea of the government dictating every detail. Still, I think it’s a reasonable way to push for progress without being too extreme.

I’m **somewhat in favour** of a carbon tax with dividends. It feels fair—charging those who pollute and giving the money back to the public. I don’t love the idea of government control, but the concept of balancing environmental responsibility with direct support for people resonates with me.

I’m **neutral** on compensating other countries affected by climate change. I understand the ethical argument, and I believe in equal treatment of all lifeforms, but I’m skeptical about how effective international policies can be. I’d support the principle, but I’m not sure how practical it is in practice.",
2,C,peer_message,citizen,844.0,,713.0,direct,,climate_policy_package,"[""ClimatePolicyID(1)"", ""ClimatePolicyID(2)"", ""ClimatePolicyID(3)"", ""ClimatePolicyID(4)"", ""ClimatePolicyID(5)"", ""ClimatePolicyID(6)""]","I **strongly support** policies to accelerate renewable energy production like more wind parks because I believe in sustainable progress and long-term environmental health. I think it’s important to move quickly on clean energy, but I also care about how these changes are managed to support communities.

I **somewhat support** banning new oil, gas, and coal licenses because I care about the environment and reducing our carbon footprint, but I’m cautious about the economic impact on workers and regions that rely on these industries. A balanced approach that includes support for transition seems essential.

I **strongly support** banning new petrol cars by 2030 because as a parent, I want a cleaner, healthier future for my kids. I believe in innovation and reducing pollution, and I think this is a necessary step for long-term sustainability.

I **strongly support** green standards for new housing—like non-fossil fuel heating and solar panels—because it aligns with my values of sustainability and fairness. I think building better, more energy-efficient homes benefits everyone, especially in the long run.

I **strongly support** a carbon tax with dividends because it’s a fair way to tackle climate change while giving people a direct benefit. I like the idea of holding polluters accountable and using the money to help everyone, especially those most affected by energy costs.

I **somewhat oppose** compensating people in other countries for climate impacts because I think the focus should be on reducing emissions and helping communities adapt through shared responsibility, not just financial transfers. I care about global harmony, but I worry about creating dependency or shifting blame.",
2,C,peer_message,citizen,844.0,,91.0,direct,,climate_policy_package,"[""ClimatePolicyID(1)"", ""ClimatePolicyID(2)"", ""ClimatePolicyID(3)"", ""ClimatePolicyID(4)"", ""ClimatePolicyID(5)"", ""ClimatePolicyID(6)""]","I **strongly support** policies to accelerate renewable energy production like more wind parks because I believe in sustainable progress and long-term environmental health. I think it’s important to move quickly on clean energy, but I also care about how these changes are managed to support communities.

I **somewhat support** banning new oil, gas, and coal licenses because I care about the environment and reducing our carbon footprint, but I’m cautious about the economic impact on workers and regions that rely on these industries. A balanced approach that includes support for transition seems essential.

I **strongly support** banning new petrol cars by 2030 because as a parent, I want a cleaner, healthier future for my kids. I believe in innovation and reducing pollution, and I think this is a necessary step for long-term sustainability.

I **strongly support** green standards for new housing—like non-fossil fuel heating and solar panels—because it aligns with my values of sustainability and fairness. I think building better, more energy-efficient homes benefits everyone, especially in the long run.

I **strongly support** a carbon tax with dividends because it’s a fair way to tackle climate change while giving people a direct benefit. I like the idea of holding polluters accountable and using the money to help everyone, especially those most affected by energy costs.

I **somewhat oppose** compensating people in other countries for climate impacts because I think the focus should be on reducing emissions and helping communities adapt through shared responsibility, not just financial transfers. I care about global harmony, but I worry about creating dependency or shifting blame.",
2,C,peer_message,citizen,409.0,,713.0,direct,,climate_policy_package,"[""ClimatePolicyID(1)"", ""ClimatePolicyID(2)"", ""ClimatePolicyID(3)"", ""ClimatePolicyID(4)"", ""ClimatePolicyID(5)"", ""ClimatePolicyID(6)""]","I **strongly support** accelerating renewable energy production because it feels like a fair and necessary step toward balancing progress with environmental respect—especially with the urgency of the climate emergency. I see it as a way to create a sustainable future without forcing people into extreme changes, as long as it’s done thoughtfully and equitably.

I **somewhat support** banning new oil, gas, and coal licenses because I believe in long-term ecological health and rejecting domination over nature, but I’m cautious about the impact on communities that rely on these industries. It feels right in principle, but I want to make sure it’s done with care and support for those affected.

I **slightly support** banning new petrol cars by 2030 because it aligns with my values of environmental responsibility and fairness, but I’m wary of the practical challenges, especially for lower-income households. I’d want to see strong support systems in place to make the transition fair and accessible.

I **strongly support** mandating green standards for new housing because it directly addresses both environmental and social equity. I see it as a smart, forward-thinking policy that benefits everyone in the long run, especially by reducing energy costs and carbon emissions.

I **slightly support** a carbon tax with revenue distribution because it uses market mechanisms to address climate change, and I like the idea of returning the money to the public. However, I remain cautious about government overreach and the complexities of implementation.

I **somewhat support** compensating people in other countries affected by climate change because I believe in equal opportunity and rejecting the idea that some groups are more responsible or deserving. It feels morally right, but I’m still thinking through how it can be funded and implemented fairly without unintended consequences.",
2,C,peer_message,citizen,1957.0,,1878.0,direct,,climate_policy_package,"[""ClimatePolicyID(1)"", ""ClimatePolicyID(2)"", ""ClimatePolicyID(3)"", ""ClimatePolicyID(4)"", ""ClimatePolicyID(5)"", ""ClimatePolicyID(6)""]","I strongly support government policies that accelerate the roll-out of renewable energy production — it feels like a practical and fair way to reduce our reliance on exploitative industries and tackle the climate crisis head-on. I also strongly support banning new oil, gas, and coal licenses because it aligns with my belief that no group should dominate Earth’s resources, and it’s a necessary step to stop locking in long-term environmental harm.

I’m pretty much in favour of banning new petrol cars by 2030, though I’d like to see more support for people transitioning to electric vehicles, like better charging infrastructure. I strongly support green standards for new housing — it makes sense to build homes that are sustainable and protect people from the impacts of climate change. I also strongly support a carbon tax with dividends because it’s a fair way to address emissions while giving money back to the public. I slightly support compensating poorer countries for climate impacts, but I’m cautious about how it’s implemented to ensure it’s truly equitable and not just another layer of bureaucracy.",
2,C,peer_message,citizen,91.0,,844.0,direct,,climate_policy_package,"[""ClimatePolicyID(1)"", ""ClimatePolicyID(2)"", ""ClimatePolicyID(3)"", ""ClimatePolicyID(4)"", ""ClimatePolicyID(5)"", ""ClimatePolicyID(6)""]","I’m pretty much in the middle on most of these, but I’m leaning a bit more towards supporting the renewable energy roll-out and the green housing standards. I see the value in long-term stability and fairness, and I think Scotland has the resources to lead in that area. The carbon fee and dividend idea also makes sense to me – it’s fair and practical. However, I’m still cautious about banning petrol cars by 2030 and new fossil fuel licenses, as I worry about the impact on traditional industries and the pace of change. As for compensating other countries, I’m not sure – I respect the principle but prefer local solutions and accountability.",
