agent_id,day,phase,policy_id,text
1230.0,1,P-A,ClimatePolicyID(5),"This message certainly highlights an important and pressing issue regarding the intersection of environmental sustainability and economic justice. On one hand, I appreciate the idea of holding large polluters accountable and the potential for a carbon tax to create a more equitable economic landscape. The notion of redistributing funds to families in the form of dividends is appealing, especially in the context of rising living costs. It speaks to my belief in equal opportunity and support for working-class families.

However, I also find myself considering the practical implications of such a policy. Would a carbon tax truly be effective in driving down emissions, or could it disproportionately affect lower-income families if not implemented thoughtfully? While I support the idea of investing in renewable energy and public transport, I would want to ensure that the transition is fair and that everyone has access to the resources they need to adapt. 

Overall, while I see the potential benefits of a carbon fee and dividend, I would need to weigh these against the practical considerations and possible unintended consequences of such a policy. It’s a complex issue that requires careful thought and discussion."
1230.0,1,C,ClimatePolicyID(5),"Reading my peers' thoughts on the carbon tax and dividend approach resonates with some of my own reflections. I appreciate their emphasis on the need for careful implementation to avoid burdening working families, which aligns with my concern about ensuring fairness in any policy. The acknowledgment of the potential benefits for environmental protection and social justice is also something I value, as it reflects a balance between ecological responsibility and economic equity.

The emphasis on transparency and accountability in how the tax revenues are managed really strikes a chord with me. I share the belief that without careful planning, the intended benefits could be undermined by bureaucratic inefficiencies or misallocation of funds. Overall, these discussions have reinforced my view that while a carbon tax could be a step in the right direction, the details of its implementation will be crucial in determining its effectiveness and fairness. I'm left contemplating how to navigate the complexities of this issue while staying true to my core values."
1230.0,2,P-A,ClimatePolicyID(1),"The message resonates with my belief in the importance of equal opportunities and fair access for all, particularly in the context of energy affordability. I can see the potential benefits of accelerating the roll-out of renewable energy, especially when it comes to reducing energy bills for families like mine. The idea that transitioning to renewable sources could alleviate some of the financial burdens many households face is compelling.

However, while I appreciate the arguments for renewable energy, I also have some reservations about the pace and scale of such initiatives. I believe that any transition should be done thoughtfully, ensuring that it doesn’t disproportionately impact certain communities or lead to job losses in traditional energy sectors. Finding a balance that promotes sustainability while also considering economic implications for workers and families is crucial.

Overall, I think I lean towards supporting government policies that promote renewable energy, but I would want to ensure that they are implemented in a way that prioritizes fairness and inclusivity, rather than simply pushing for rapid change without considering the broader implications."
1230.0,2,C,ClimatePolicyID(1),"Reading my peers' reflections on the acceleration of renewable energy production resonates with my own beliefs about the need for thoughtful implementation. I appreciate their emphasis on the importance of considering local communities and economic impacts, which aligns with my view that transitions should not disproportionately affect certain groups. The mention of providing financial relief for families is compelling, as it highlights a practical benefit that I care about. However, I share the concern for ensuring that the transition is equitable and inclusive. It prompts me to think more deeply about how we can balance the urgency of climate action with the need for fairness and job security for those currently employed in traditional energy sectors. Overall, their perspectives encourage me to consider the broader implications of renewable energy policies while still supporting the shift towards sustainability."
1230.0,3,P-A,ClimatePolicyID(5),"Reading this message prompts me to consider the implications of a carbon tax on fossil fuels and how it could address both environmental and economic issues. On one hand, holding large corporations accountable for their pollution aligns with my belief that all groups should have an equal chance to succeed and that society should work towards equalizing conditions. The idea of using the tax revenue to support families struggling with energy bills is appealing, particularly as I can relate to the financial pressures many face.

However, I also have some reservations. While I can appreciate the intention behind the carbon tax, I wonder about its practical implementation and whether it would truly alleviate the burden on working families or simply add to their financial strain in the short term. Additionally, I am cautious about government intervention and how effectively the revenue would be managed and distributed.

Overall, I find the concept intriguing, particularly the potential for creating green jobs and investing in renewable energy, but I would need to see more details on how it would be executed to feel comfortable supporting it fully."
1230.0,3,C,ClimatePolicyID(5),"Reading these peer messages has given me some food for thought regarding the carbon tax and its potential implications. I find it reassuring that many of my peers share my concerns about the need for careful implementation to avoid imposing undue burdens on those reliant on fossil fuels. Their emphasis on ensuring that the system genuinely benefits those in financial need resonates with my belief in equal opportunities for all. 

I appreciate the recognition of the dual benefits of such a tax—encouraging sustainable practices while providing financial relief. However, the caution expressed about bureaucratic inefficiencies also strikes a chord with me. It makes me wonder how we can ensure that the revenue is effectively managed and reaches the intended individuals without getting lost in red tape. Overall, these reflections are prompting me to consider the balance between environmental responsibility and economic fairness more deeply."
112.0,1,P-B,ClimatePolicyID(5),"This message definitely raises some thought-provoking points about the potential economic impact of a carbon tax on working-class families. While I deeply care about the environment and recognize the importance of addressing climate change, I also appreciate the concerns about rising costs that could disproportionately affect those with lower incomes. The idea that the government could impose a tax that leads to increased prices for essential goods is troubling, and I worry about the regressive nature of such policies. 

However, the concept of a carbon fee and dividend, where revenues are returned to the public, could potentially mitigate some of those concerns by directly supporting families. It makes me think about the balance between ensuring environmental protection and being mindful of economic realities for everyday people. I’m not entirely convinced that a carbon tax is the best approach if it leads to increased financial strain on families, but I do want to explore how such policies can be structured to minimize harm while still promoting sustainability. Ultimately, I think it’s crucial to find a solution that aligns with my values of caring for nature while also supporting the needs of individuals and families."
112.0,2,P-B,ClimatePolicyID(1),"This message certainly raises some valid concerns about the impact of renewable energy initiatives, particularly regarding costs and the effect on families struggling with rising energy bills. While I appreciate the urgency of transitioning to cleaner energy sources, I also recognize the importance of balancing environmental goals with economic realities. The idea that wind farms can detract from our beautiful landscapes is something I can understand, as I have a deep appreciation for nature.

However, I believe that renewable energy, including wind power, is essential for addressing climate change, which is a pressing issue that affects everyone. The challenge lies in finding a way to implement these policies without placing an undue burden on ordinary people. I do wonder if there are ways to support renewable energy while also ensuring that energy costs remain manageable for households. Perhaps a more nuanced approach that includes public dialogue and consideration of local impacts could help mitigate some of the concerns expressed in this message. It’s a complex issue, and I think it’s important to continue the conversation while weighing both the environmental and economic implications."
112.0,3,P-B,ClimatePolicyID(5),"This message certainly raises some valid concerns about the potential impact of a carbon tax on working-class families, particularly regarding the cost of living. I can understand the frustration with what is perceived as an elitist agenda, especially when it comes to practical daily expenses like fuel and heating. 

However, I also recognize the importance of addressing climate change and the need for sustainable solutions. The idea of a carbon fee and dividend could potentially create a system that incentivizes lower carbon emissions while providing some financial relief to households. 

That said, I would want to ensure that any policy implemented truly supports vulnerable populations and does not disproportionately burden them. It’s a delicate balance between environmental responsibility and economic fairness. I find myself weighing the potential long-term benefits for the planet against immediate financial concerns for individuals and families."
1548.0,1,C,ClimatePolicyID(5),"Hearing my peers' perspectives on the carbon tax and dividend concept has made me consider the complexities involved. I appreciate their focus on accountability for polluters and the potential benefits for lower-income families, as that aligns with my belief in equal opportunities for all. However, I also feel cautious about how such a policy might impact the economy and my own household. The emphasis on careful implementation is crucial; I want to ensure that any policies designed to promote sustainability don't inadvertently burden those who are already struggling. It’s interesting to see how their values around environmental protection and economic fairness resonate with my belief in equality, but I also have to weigh these against my pragmatic concerns about the economic implications and fairness of the transition. Overall, their support for the concept encourages me to think more deeply about how we can balance environmental priorities with economic realities."
1548.0,2,C,ClimatePolicyID(1),"Reading through my peers' messages, I find myself resonating with many of their points, particularly the emphasis on balancing environmental goals with economic stability. While I generally support the idea of renewable energy as a way to lower energy costs and promote sustainability, I also share concerns about potential impacts on communities dependent on traditional energy jobs. It’s clear that transitioning to renewable energy is important, but the need for a thoughtful approach that considers all stakeholders feels crucial to me. 

I appreciate the focus on community benefits and transparency, as it aligns with my belief in equal opportunities for all groups. The idea of creating job opportunities through renewable energy initiatives is also appealing, but I want to ensure that these transitions do not leave anyone behind. Overall, my peers’ perspectives are prompting me to think more critically about how we can achieve these environmental goals without sacrificing economic stability and community welfare."
1548.0,3,C,ClimatePolicyID(5),"Reading through the peer messages, I find myself intrigued by the balance they strike between environmental concerns and economic implications. There's a strong emphasis on ensuring that the tax revenues are used effectively to support families, which resonates with my belief in equal opportunities. I can understand the appeal of a carbon tax if it genuinely helps those who are struggling with energy costs. However, I share some skepticism about government efficiency and the potential for bureaucratic mishaps. 

Their focus on fairness and the necessity of a clear plan for revenue distribution is something I appreciate. I also recognize that the idea of holding corporations accountable for their environmental impact aligns well with my belief in creating equal conditions for all groups. Yet, I wonder if the proposed solutions would adequately address the complexities of the issue without imposing further burdens on everyday people. Overall, while I see the merits in their arguments, I feel cautious about the practical implementation and the implications it may have on my own household."
1624.0,1,P-A,ClimatePolicyID(5),"This message really highlights the intersection of environmental policy and economic justice, which is something I care about. The idea of a carbon tax seems compelling, especially if it’s designed to redistribute wealth and support working-class families. I appreciate that it addresses both climate change and economic inequality, two issues that are increasingly important in our world. 

However, I wonder about the practical implementation of such a tax. Would it truly benefit households like mine, or would it end up being more complex and burdensome? I do see the potential for investing in renewable energy and public transport, which could be a positive step towards a greener economy. Still, it’s important that we ensure the benefits reach those who need them most, rather than just creating another layer of bureaucracy. 

Overall, I find myself intrigued by the concept, but I have some reservations about how effectively it could be executed and whether it would truly lead to the positive outcomes being promised."
1624.0,1,P-B,ClimatePolicyID(5),"Receiving a message like this certainly makes me reconsider the implications of a carbon tax, particularly the concerns about its impact on working-class families like mine. The argument against the carbon tax highlights a valid fear of rising costs and how burdensome those could be for households already managing tight budgets. I can understand the skepticism about the government’s intentions and the potential for this policy to be more about generating revenue than genuinely helping families.

On the other hand, I still see merit in addressing climate change and the importance of transitioning to renewable energy. However, I share the concern that the implementation of such a tax needs to be carefully structured to ensure that it truly supports those who are most vulnerable and doesn’t simply become another financial burden. The idea of a carbon fee and dividend could potentially offset some costs, but I worry about whether that would be realized in practice.

Ultimately, while I appreciate the need for climate action, I’m also cautious about policies that could exacerbate economic difficulties. Balancing the need for environmental sustainability with the economic realities faced by families like mine is a complex challenge that deserves thoughtful consideration."
1624.0,1,C,ClimatePolicyID(5),"Reading my peers' messages has definitely prompted me to reflect more deeply on the idea of a carbon tax and its implications for families like mine. I resonate with the acknowledgment of potential benefits, particularly the concept of a dividend that could alleviate financial pressures while promoting sustainability. However, I also share the concern about the practicalities of implementation and whether the support would genuinely reach those who need it most. It's clear that there's a tension between advancing environmental goals and ensuring economic fairness, which is something I think we all want to see addressed. Overall, their insights have reinforced my understanding that any policy must be carefully crafted to avoid unintended consequences for working-class families, like increasing expenses without sufficient compensation."
1624.0,2,P-A,ClimatePolicyID(1),"Reading this message resonates with my belief in the importance of creating a fairer society where everyone has the chance to succeed. The connection between the climate crisis and the cost-of-living crisis makes a lot of sense; it highlights how investing in renewable energy can benefit both the environment and families struggling with energy bills. 

I appreciate the idea that renewable energy can lead to cheaper energy costs and is already a viable option. It seems like a practical solution that aligns with my values of equality and respect for nature. However, I also have some skepticism about how quickly we can transition, especially with the potential challenges and disruptions that could arise. I wonder about the balance between rapid expansion and ensuring that it’s done in a way that truly benefits everyone, particularly those in lower income brackets. 

Overall, I find myself leaning towards supporting policies that accelerate renewable energy production, but I would want to ensure that they are implemented thoughtfully and equitably."
1624.0,2,P-B,ClimatePolicyID(1),"Reading this message certainly raises some challenging points that make me reconsider my initial enthusiasm for the rapid rollout of renewable energy. The concerns about the impact on our countryside and the financial burden on families are valid and resonate with my own worries about ensuring that the transition to renewable energy is equitable. It's important to balance environmental goals with the needs of ordinary people, especially those who are already struggling with rising costs.

The idea that the push for renewables might be more about political agendas than practical solutions is something I need to reflect on. I appreciate the beauty of our landscape and understand the emotional connection many have to it. At the same time, I’m still inclined to see the potential benefits of renewable energy in terms of sustainability and long-term cost savings. 

However, if the current approach to transitioning overlooks the immediate concerns of families and potentially harms our environment in different ways, that gives me pause. I would want to support policies that not only accelerate renewable energy production but also address the concerns raised—ensuring that they are genuinely beneficial for all communities, particularly those that are lower income. It’s a complex issue that demands careful consideration and a holistic approach."
1624.0,2,C,ClimatePolicyID(1),"Reading my peers' messages reinforces my belief in the importance of balancing renewable energy expansion with local community needs and environmental preservation. I appreciate their emphasis on finding a middle ground, as it resonates with my own concerns about ensuring that the transition to renewable energy is equitable and considerate of those who may be affected, especially in rural areas. Their insights make me reflect on the potential conflicts that can arise between the urgency of addressing climate change and the desire to maintain the beauty and integrity of our countryside. It reminds me that while I see the benefits of renewable energy, I also want to ensure that the implementation is done thoughtfully, taking into account the voices and needs of those who live in these communities. Overall, it adds depth to my understanding of the complexities involved in this issue and highlights the necessity of an inclusive approach."
1624.0,3,P-B,ClimatePolicyID(5),"This message raises some valid points about the potential impact of a carbon tax on working-class families, especially regarding the cost of living. I can understand the concerns about how these taxes might disproportionately affect those with lower incomes, including myself, and whether the promised dividends would truly offset the increased costs. 

However, I also believe in the importance of addressing climate change and the need to find sustainable solutions. The idea of a carbon tax could be a way to encourage a transition to cleaner energy sources, but it’s crucial that it is implemented in a way that truly supports those who might struggle under its weight. 

I think I would need to consider how effective this policy would be in practice—whether it would genuinely lead to positive environmental outcomes without putting undue financial pressure on families like mine. Balancing environmental goals with economic realities is a complex issue that deserves careful thought."
1624.0,3,P-A,ClimatePolicyID(5),"This message resonates with some of my existing beliefs about the need to tackle corporate greed and the importance of supporting working families. The idea of a carbon tax, if implemented correctly, could indeed hold large corporations accountable for their environmental impact while providing financial relief to individuals like myself who are feeling the strain of rising energy costs. 

I appreciate the notion of distributing the tax revenues back to the public, as it aligns with my belief in equal opportunities for all. It makes me consider the potential benefits of investing in renewable energy and creating local jobs, which could contribute to a more sustainable economy.

However, I remain cautious about how effectively this would be executed in practice. Would the promised financial relief actually reach families, or would it get lost in bureaucracy? I still think it’s essential to balance the push for environmental reform with the economic realities that many families face. It’s a complex issue that warrants careful consideration and a commitment to truly support those who might struggle under the weight of such a tax."
1624.0,3,C,ClimatePolicyID(5),"Reading my peers' perspectives on the carbon tax and dividend concept resonates with my own thoughts. I appreciate their recognition of the potential benefits of a carbon tax in promoting sustainable practices and addressing climate change, which aligns with my belief that we need to act on environmental issues. However, the concerns they raise about the impact on working-class families echo my own worries about how such a policy could disproportionately affect those in lower income brackets. 

The idea of distributing tax revenues back to the public is appealing, as it seems to provide a safety net for families like mine. Still, I share their skepticism regarding the effectiveness of this implementation. Would the promised dividends actually reach us, or would they be hindered by bureaucracy? This uncertainty leads me to ponder how to ensure that any environmental reforms genuinely support those facing economic challenges while still making progress towards sustainability. Overall, their reflections deepen my understanding of the complexity of this issue and the need for careful consideration of both environmental and economic factors."
1321.0,1,P-A,ClimatePolicyID(5),"Reading this message resonates with my left-wing values and belief in economic justice and equality. The idea of a carbon tax on fossil fuels seems to align with my views on holding the wealthy accountable for their role in environmental degradation while also providing financial relief to working-class families. The proposal of a monthly dividend to help cover rising bills is particularly appealing, as it addresses immediate economic concerns while also promoting a transition to renewable energy.

I appreciate the focus on making communities fairer and greener, and the emphasis on investing in public transport and energy efficiency aligns with my respect for nature. However, I wonder about the practicalities of implementing such a tax and how effectively the funds would be distributed. There’s also the concern of ensuring that the policy truly benefits those who need it most and doesn't inadvertently create new inequalities.

Overall, I find the concept intriguing and compelling, but I would need to consider more about how it would work in practice and its potential long-term impacts on both the environment and the economy."
1321.0,1,C,ClimatePolicyID(5),"Reading this peer's message resonates with my own thoughts on the carbon tax proposal. I, too, find the alignment with environmental protection and social justice compelling. Their emphasis on the need for accountability and careful implementation strikes a chord with my skepticism of authority and bureaucracy. It reinforces my concern about ensuring that the tax revenues are effectively distributed to benefit those who truly need it. I appreciate their acknowledgment of the potential challenges, as it reflects a balanced perspective. This makes me think more critically about the logistics involved in such a policy and the importance of transparency in its execution. Overall, it encourages me to consider both the potential benefits and pitfalls more deeply, aligning with my inclination towards cautious optimism in social and environmental initiatives."
1321.0,2,P-A,ClimatePolicyID(1),"Reading this message resonates with my values and beliefs regarding climate action and social justice. I see a clear connection between the climate crisis and the cost-of-living crisis, as both disproportionately affect those who are already struggling. The argument for renewable energy as a means to lower energy bills while also addressing environmental issues aligns with my views on creating a fairer society. 

I’m particularly drawn to the idea of renewable energy not just being about saving the planet, but also about empowering everyday people and reducing reliance on fossil fuel giants. The mention of corporate greed strikes a chord with my skepticism of authority and the status quo. I believe that transitioning to renewable energy could indeed help level the playing field and promote equality. 

However, I also think about the practical implications of such policies—how they would be implemented, the potential impact on jobs in traditional energy sectors, and ensuring that the transition is equitable for all communities. Overall, I feel a strong inclination to support government policies that accelerate the roll-out of renewable energy, but I also want to ensure that they are designed in a way that genuinely benefits everyone involved."
1321.0,2,C,ClimatePolicyID(1),"Reading my peers' messages reinforces my belief in the importance of accelerating renewable energy production. Their emphasis on the dual benefits of tackling the climate crisis while also providing affordable energy resonates with my values. I appreciate the call for transparent implementation that prioritizes community benefits rather than corporate interests; this aligns with my skepticism of authority and the status quo. It makes me think about how crucial it is to ensure that these initiatives are not only environmentally sound but also socially equitable. I find myself reflecting on how to balance the urgency of climate action with the need for a fair transition for those currently employed in traditional energy sectors. Overall, my peers’ perspectives encourage me to consider the broader implications of renewable energy policies and the necessity of ensuring they truly empower the communities they aim to serve."
1321.0,3,P-A,ClimatePolicyID(5),"Reading this message resonates strongly with my values and beliefs. The idea of imposing a carbon tax on fossil fuels aligns with my view that corporations should be held accountable for their environmental impact. I appreciate the concept of using the revenue generated from this tax to support everyday families, especially those struggling with rising energy costs. It feels like a fair approach that balances environmental responsibility with economic relief for working people.

The emphasis on investing in renewable energy and creating green jobs also appeals to me, as it reflects a vision of a more sustainable and equitable future. I find the notion of addressing corporate greed while uplifting communities quite compelling. However, I also wonder about the practical implementation of such a policy—how to ensure that the tax revenues are effectively distributed and that the transition to renewable energy is equitable and inclusive. Overall, I feel cautiously optimistic about the potential of this approach, though I would like to see more details on how it would be executed to ensure that it truly benefits all members of society."
164.0,1,P-A,ClimatePolicyID(5),"This message resonates with my core values regarding environmental protection and social justice. The idea of imposing a carbon tax on fossil fuels aligns well with my commitment to caring for nature and ensuring equal opportunities for everyone. The proposal of redistributing the tax revenues to the public through a monthly dividend seems like a positive step towards addressing economic inequality, especially as it could alleviate some financial burdens on working-class families.

However, I do wonder about the implementation and effectiveness of such a policy. Would the tax genuinely hold the fossil fuel giants accountable, or would they find ways to circumvent it? Additionally, I’m interested in how this money would be managed—would it truly benefit those in need, or could it become another bureaucratic challenge? 

Ultimately, I appreciate the focus on creating fairer, greener communities, but I’m cautious about the practicalities of executing such a plan. It’s a compelling vision, but it will require careful consideration and accountability to ensure it delivers real change."
164.0,1,P-B,ClimatePolicyID(5),"This message certainly raises some valid concerns about the potential burdens a carbon tax could impose on working-class families. It highlights the fear that such policies may inadvertently lead to higher costs for essential goods and services, which is something I had considered, especially when thinking about the practical implications of policy implementation. 

While I still believe in the necessity of addressing climate change and holding fossil fuel companies accountable, I can see how the framing of the carbon tax as a regressive measure could resonate with many who are already struggling financially. It makes me question whether the proposed solutions truly account for the real-life impacts on everyday people, particularly those in vulnerable positions.

Additionally, the idea of tapping into our own resources, like fracking, raises a significant debate about the balance between economic needs and environmental protection. I remain committed to environmental care, but I also recognize the importance of considering how policies can be designed to avoid placing undue burdens on those who are already facing financial hardships. I’m left pondering how to reconcile these conflicting priorities while striving for a fair and sustainable future."
164.0,1,C,ClimatePolicyID(5),"Reading my peers' messages has prompted me to further clarify my thoughts on the carbon tax and dividend system. I appreciate the consensus on the importance of holding polluters accountable and the potential benefits of redistributing tax revenues to support working-class families. The emphasis on careful implementation resonates with my own concerns, particularly regarding the impact on lower-income households and the need for a fair transition to renewable energy. 

I find it reassuring that many of my peers share my values of promoting equal opportunity and environmental protection. However, their reflections also deepen my skepticism about the practical aspects of such a policy. I am left wondering how we can ensure that the benefits genuinely reach those in need and that the system does not inadvertently create new inequalities. Overall, these messages have reinforced my belief in the importance of careful planning and accountability in any proposed policy while also highlighting the complexities involved in balancing environmental priorities with economic realities."
164.0,2,P-A,ClimatePolicyID(1),"I find myself strongly resonating with the message presented. The connection drawn between the climate crisis and the cost-of-living crisis is one that makes perfect sense to me. Investing in renewable energy not only addresses environmental concerns but also has the potential to alleviate financial burdens on households, particularly those struggling with rising bills. 

The idea of expanding offshore and onshore wind parks aligns with my commitment to protecting the environment and fostering equal opportunities for everyone. It also speaks to my skepticism of corporate greed and the need for systemic change. I see the potential for renewable energy to empower communities and create a fairer society. 

However, I do wonder about the implementation of such policies and how they would be managed to ensure that they truly benefit everyday people, rather than just serving the interests of large companies. Balancing the need for rapid progress with accountability and transparency will be crucial. Overall, I feel a strong inclination to support policies that promote renewable energy, but I also recognize the importance of ensuring that they are executed in a way that prioritizes the needs of the community."
164.0,2,P-B,ClimatePolicyID(1),"Receiving this message certainly challenges my perspective on renewable energy policies. I understand the frustration expressed about the impact of energy bills on everyday families, and I can see how the notion of ""green levies"" can be perceived as a burden. However, I still believe in the importance of addressing climate change and fostering a sustainable future. 

The concern about wind farms ruining the landscape resonates with my commitment to caring for nature; I don't want to see our beautiful countryside harmed either. Yet, I also recognize that we need to transition away from fossil fuels to protect the environment for future generations. 

The idea of energy sovereignty and tapping into our own resources raises valid points about self-sufficiency, but I'm wary of reverting to practices like fracking, which can have significant environmental consequences. It’s a delicate balance between ensuring energy affordability for families while also pursuing a greener future. I feel I need to consider how policies can be designed to alleviate the financial pressures on households without compromising the environmental goals that I hold dear."
164.0,2,C,ClimatePolicyID(1),"Receiving these messages has prompted me to reflect more deeply on the complexities surrounding the roll-out of renewable energy production. I find that I resonate with the general support expressed for these initiatives, particularly regarding their potential to address the climate crisis and alleviate financial burdens for households. The emphasis on ensuring that the transition is managed carefully, so as not to leave anyone behind or harm communities reliant on traditional energy jobs, is a crucial point that I also share. 

I appreciate the call for a thoughtful implementation of policies, as I believe that transparency and accountability are essential to ensure that the benefits of renewable energy reach everyone, particularly the most vulnerable. The idea of creating new job opportunities in the renewable sector is encouraging and aligns with my belief in fostering equal opportunities. However, I also acknowledge the need for a clear plan on funding and equitable distribution of benefits, which is something I want to consider further. Overall, these reflections are helping me to think critically about how we can balance the urgent need for renewable energy with the economic and social realities that many communities face."
164.0,3,P-B,ClimatePolicyID(5),"This message raises some significant concerns that resonate with the worries many people have about the financial impact of a carbon tax, especially on working-class families. While I fundamentally believe in the importance of addressing climate change and protecting the environment, I can see how the implementation of such a tax might be perceived as a burden, particularly if it disproportionately affects those with lower incomes.

However, I also recognize the rationale behind a carbon tax as a mechanism to incentivize greener practices and fund renewable energy initiatives. The concept of a carbon fee and dividend could potentially offset some of the burden by returning the revenue to the public, but I understand the skepticism about whether this would truly happen or if it would just serve bureaucratic interests.

It’s essential to consider the broader picture: the need for a sustainable future versus the immediate financial implications for everyday people. I would need to think critically about how the policy could be structured to ensure fairness and truly benefit the public rather than just adding to their financial strain. Overall, while I maintain a commitment to environmental protection, I also feel it's crucial that any policies enacted do not worsen economic inequalities or place undue burdens on individuals."
164.0,3,P-A,ClimatePolicyID(5),"This message resonates with my core values, especially in terms of holding corporations accountable and addressing economic inequalities. The idea of a carbon tax on fossil fuels, paired with the distribution of revenues back to the public, aligns with my belief in creating equal opportunities and supporting those in need. The notion that this policy could alleviate financial burdens on everyday families while promoting greener practices is compelling.

However, I still have some reservations. I want to ensure that the implementation is genuinely beneficial and not just another bureaucratic exercise that fails to deliver real relief. I appreciate the emphasis on local green jobs and sustainable community building, but I remain cautious about how effective these measures will be in practice. The challenge will be to design a system that truly uplifts those who are struggling and addresses the pressing issue of climate change without exacerbating existing economic inequalities. Overall, I find the concept intriguing and worth exploring further, but I need to see more concrete plans on how it would work in practice."
164.0,3,C,ClimatePolicyID(5),"Reading these peer messages has reinforced some of my own thoughts about the carbon tax and the importance of ensuring that any financial burden is mitigated for working families. I appreciate the emphasis on accountability for corporations and the need for financial relief for households, which aligns with my values of equal opportunity and supporting those in need. 

I find it interesting that several peers highlighted the necessity for clear plans regarding the distribution of revenues and the transition to renewable energy. This resonates with my concerns about bureaucratic inefficiencies and the potential for the policy to miss its mark if not executed thoughtfully. The variety of perspectives also emphasizes the importance of balancing environmental goals with economic realities, especially for those who might be disproportionately affected. Overall, it feels like there is a shared understanding among my peers about the importance of fairness, but there's also a cautionary note about the practicalities of implementation that I find worth considering further."
1519.0,1,P-A,ClimatePolicyID(5),"This message certainly brings up some compelling points about the intersection of environmental policy and economic justice. The idea of imposing a carbon tax on fossil fuels and redistributing the revenue to the public resonates with my belief in equal opportunities for all. It highlights how those who are most affected by pollution often belong to lower-income demographics, which aligns with my view that society should work towards equalizing conditions. 

The notion of receiving a monthly dividend from the carbon tax could potentially provide financial relief to families, which I appreciate. It’s also appealing that the revenue could be used to support renewable energy and public services, contributing to a greener society. However, I do have some skepticism regarding the implementation and effectiveness of such a policy. Would the tax truly hold the billionaire class accountable, or would it simply become another tool for the government? There’s a balance to strike between taking necessary action against climate change and ensuring that the solutions are equitable and effective for everyone. Overall, I find myself intrigued by the concept but would need to consider potential implications more deeply before forming a definitive stance."
1519.0,1,P-B,ClimatePolicyID(5),"This message certainly raises some valid concerns about the potential financial burden a carbon tax could place on working-class families. I can understand the fear that such a tax might lead to higher prices for essentials, which would disproportionately affect those who are already struggling. The idea that the government may not fully grasp the challenges faced by everyday people is something I can relate to; it’s crucial that policies are designed with everyone's needs in mind, especially for those on lower incomes.

However, I also believe that addressing climate change is imperative and that there must be a way to balance economic concerns with environmental responsibilities. The concept of a carbon fee and dividend, where revenues are returned to the public, does seem to aim for equity, but I share some skepticism about its real-world effectiveness. Would it genuinely alleviate the financial strain on families, or would it just become another burden? 

The call to unlock our own resources, like fracking, also raises questions for me about sustainability and long-term impacts on both the environment and local communities. While I see the importance of standing up for people's rights and financial well-being, I also worry about the long-term consequences of neglecting climate issues. I find myself in a complex position, where I appreciate the need for economic justice but also recognize the urgency of addressing climate change. I need to think more about how these policies can be structured to truly benefit everyone without exacerbating existing inequalities."
1519.0,2,P-A,ClimatePolicyID(1),"This message resonates with my belief in equal opportunities for all and treating the planet with respect. I can see the argument that investing in renewable energy can help alleviate both the climate crisis and the cost-of-living crisis, especially for families who are struggling financially. It’s compelling to think that renewable energy could lead to lower energy bills while also contributing to a more sustainable future. 

However, I also feel a sense of skepticism towards any potential corporate influence in these policies. It's important that the benefits of renewable energy don't just end up enriching the same powerful entities that have profited from fossil fuels. I appreciate the focus on community and fairness, and I would want to ensure that any government policies prioritize people over profits. Overall, I’m inclined to support the idea of accelerating renewable energy production, but I would want to see clear safeguards in place to ensure that the transition is equitable and genuinely benefits everyone."
1519.0,2,P-B,ClimatePolicyID(1),"This message certainly raises some valid concerns about the potential downsides of increasing renewable energy production, particularly regarding the impact on landscapes and the financial burden it may place on families. I can understand the frustration with rising energy bills and the perception that the government is prioritizing green initiatives over immediate economic relief for ordinary people. 

However, I still believe in the importance of transitioning to renewable energy. While I share the concern about corporate interests and the need for equitable policies, I also think that addressing climate change and investing in sustainable energy sources is crucial for the long-term health of our planet and society. 

I find myself torn between the immediate economic pressures highlighted in the message and the broader vision of a sustainable future. I want to support policies that balance these needs, ensuring that the transition to renewable energy is not just about meeting climate goals but also about supporting families and communities through the process. It’s clear that any approach needs to be carefully considered to avoid creating additional burdens on those who are already struggling."
1519.0,3,P-B,ClimatePolicyID(5),"This message certainly presents a strong and passionate viewpoint against the carbon tax, framing it as an attack on the working class and a means for bureaucrats to profit at the expense of everyday people. I can see how someone might feel concerned about the rising costs of living and the potential burden of such taxes, especially when they're already managing a household budget.

However, I also value the idea of addressing climate change and believe that all groups should have an equal chance to succeed. If a carbon tax could indeed lead to a cleaner environment and help generate funds for public benefit, that may align with my belief in equalizing conditions. 

I’m conflicted, though, about the notion that this could disproportionately affect lower-income families, as the message suggests. It raises important questions about how the tax is structured and what safeguards are in place to ensure that the most vulnerable are protected. The mention of deregulation and energy independence is appealing in terms of economic growth, but I worry about the environmental implications of such an approach. 

In summary, while I recognize the concerns about the economic impact of a carbon tax, I also see the potential benefits in tackling climate change and funding public resources. It’s a complex issue that requires careful consideration of both environmental and economic perspectives."
1519.0,3,P-A,ClimatePolicyID(5),"This message presents a compelling vision of a carbon tax as a tool for both environmental protection and economic relief for the community. The idea of holding fossil fuel corporations accountable for their pollution resonates with my belief that all groups should have an equal chance to succeed, as it seeks to level the playing field by ensuring that those who contribute to environmental degradation also contribute to its remediation.

I appreciate the notion of the revenue from the carbon tax being redistributed to everyday families, particularly those struggling with rising energy costs. This aligns with my core value of equal opportunity, suggesting that this policy could help create fairer conditions for vulnerable populations. The emphasis on investing in renewable energy and local green jobs also excites me, as it combines environmental responsibility with economic growth.

However, I still have some reservations. It's essential to consider the details of how this policy would be implemented—are there safeguards to ensure that the benefits truly reach those in need? And how will we ensure that the transition to renewable energy is just and equitable? While the vision of a fairer, greener community is appealing, I want to be cautious about potential unintended consequences and ensure that the focus remains on uplifting all members of society. Overall, this message encourages me to think more positively about the potential of a carbon tax, but I still need to weigh the practical implications carefully."
1692.0,1,C,ClimatePolicyID(5),"I appreciate my peer's perspective on the carbon tax and the potential benefits it could bring in terms of incentivizing cleaner energy and addressing climate change. Their concern for the impact on working families and low-income individuals resonates with me, as I believe that any environmental policy must also consider social equity. The idea of distributing tax revenues back to the public is an interesting solution that could help alleviate any financial burdens caused by the tax. It makes me think about the importance of designing policies that not only focus on environmental goals but also ensure that vulnerable populations are protected. I wonder how effective such a distribution mechanism would be in practice and if it would truly address the disparities that might arise from the tax. Overall, their comments push me to consider the balance between environmental action and social justice more deeply."
1692.0,2,C,ClimatePolicyID(1),"Reading my peers' messages about accelerating the roll-out of renewable energy production resonates with my own values and beliefs. I appreciate that they emphasize the importance of addressing climate change, which aligns with my deep commitment to caring for nature and protecting the environment. Their mention of a balanced energy mix also makes me reflect on the need for thoughtful implementation, as I agree that local communities and their needs should be taken into account during such projects.

I also find it interesting that they acknowledge the economic implications of renewable energy initiatives; it’s a reminder that while I am passionate about environmental issues, I should also consider how these policies can affect people's livelihoods. Their balanced perspective encourages me to think critically about how we can achieve our environmental goals while ensuring that all groups have a fair chance to succeed. It brings to mind the idea that transitioning to renewable energy should not only be about reducing carbon emissions but also about fostering social equity and community well-being. Overall, their insights prompt me to consider different angles and complexities involved in this issue."
1273.0,1,P-A,ClimatePolicyID(5),"This message resonates deeply with my values, especially regarding economic justice and environmental protection. I strongly believe that the current system often favors the wealthy at the expense of those who are already struggling. The idea of imposing a carbon tax on fossil fuels aligns with my commitment to holding polluters accountable while also providing financial relief to working families. 

I appreciate the proposal's focus on redistributing wealth and investing in renewable energy, which I see as essential for creating a sustainable future. However, I would want to consider how effectively this plan could be implemented and whether it would truly benefit those who need it most. There’s also the question of ensuring that the revenue generated is used wisely and equitably. So, while I am inclined to support such policies, I would need to think critically about the details and potential impact on different communities."
1273.0,1,C,ClimatePolicyID(5),"Reading my peers' messages resonates with my own thoughts on the carbon tax proposal. I appreciate their cautious support, as it reflects a balanced approach to a complex issue. Their emphasis on the importance of implementation details aligns with my concerns about ensuring that the tax system genuinely benefits lower-income families and promotes fair access to renewable energy. I share their skepticism regarding the potential for bureaucratic inefficiencies that could undermine the intended goals of accountability and redistribution. It’s clear that while the concept of a carbon tax with a dividend system has merit, the specifics of how it is structured and executed will be crucial to its success. Their reflections reinforce my desire to critically evaluate not just the idea itself, but also the practical implications it would have on different communities and how we can ensure that the most vulnerable are truly supported in this transition."
1273.0,2,P-A,ClimatePolicyID(1),"This message resonates deeply with my values, particularly the emphasis on renewable energy as a way to combat both the climate crisis and the cost-of-living crisis. I appreciate the argument that investing in renewable energy can lead to cheaper energy bills for families, especially those who are struggling. It aligns with my belief that society should actively work to create equal opportunities for everyone, and transitioning to renewable energy seems like a practical step towards achieving that.

The mention of fossil fuel giants benefiting from the status quo also strikes a chord with me, as I am skeptical of corporate greed and the power dynamics that often leave everyday people at a disadvantage. I believe that prioritizing renewable energy can help to level the playing field and promote fairer, greener communities. 

However, I do wonder about the logistics and potential challenges in accelerating the roll-out of renewable energy production. How will it be funded? What measures will be taken to ensure that the transition is equitable and that no one is left behind? These are important considerations. Overall, I find myself leaning towards strong support for these policies, but I would want to ensure that they are implemented in a way that truly benefits everyone, not just a select few."
1273.0,2,C,ClimatePolicyID(1),"Reading through my peers' messages, I find that there is a strong alignment with my own values regarding the acceleration of renewable energy production. I appreciate that they emphasize the importance of thoughtful implementation, which resonates with my concerns about ensuring no one is left behind during the transition. Their focus on balancing environmental goals with economic stability is crucial, as I share the belief that both aspects must be addressed to create a just and equitable society.

The acknowledgment of the potential for renewable energy to lower costs for families is particularly encouraging, and it echoes my hope that these policies will provide tangible benefits to everyday people rather than just corporate interests. However, I also recognize the importance of community engagement and transparency in these initiatives, as I want to ensure that the decisions made genuinely reflect the needs of all stakeholders.

Overall, these reflections deepen my understanding of the complexities involved in the transition to renewable energy and reinforce my belief that it should be approached with care, compassion, and a commitment to equality. I still have some questions regarding the specifics of funding and support for affected communities, but I'm encouraged by the consensus on the need for thoughtful and inclusive policies."
1273.0,3,P-A,ClimatePolicyID(5),"This message resonates strongly with my values, particularly regarding environmental protection and social equity. The idea of a carbon tax on fossil fuels aligns with my commitment to caring for nature and addressing the needs of communities. I appreciate the notion that this policy could hold large corporations accountable for their environmental impact while also providing financial relief to everyday families. The concept of redistributing tax revenues to the public could help alleviate the burden of rising energy costs, which is especially important for working families. 

Investing in renewable energy and creating green jobs could foster a more sustainable and equitable economy, which I believe is crucial for the future. However, I would want to consider how effectively this policy could be implemented and ensure that it truly benefits those in need without disproportionately impacting low-income households. Balancing the need for environmental action with economic fairness is essential, and I'm curious about the practicalities of making this vision a reality. Overall, I find the idea compelling and worth exploring further."
1273.0,3,C,ClimatePolicyID(5),"Reading my peers' reflections on the carbon tax and its potential benefits has reinforced my belief in the importance of balancing environmental action with economic fairness. Their comments echo my own thoughts about the need for a transparent and effective plan for revenue distribution to truly support working families. I appreciate the shared concern for ensuring that the implementation of such policies does not inadvertently penalize those who are already vulnerable or reliant on fossil fuels for their livelihoods. This highlights the necessity of careful planning and consideration in the design of any carbon tax policy. Overall, it's encouraging to see a consensus on the importance of holding corporations accountable while also prioritizing the well-being of everyday people. However, I do share the skepticism about government management and want to ensure that any proposed solution genuinely translates into benefits for those in need."
612.0,1,P-B,ClimatePolicyID(5),"Reading this message brings up several considerations for me. On one hand, I understand the concerns about the impact of a carbon tax on working-class families, particularly regarding rising costs of living. The idea that such a policy could disproportionately affect those who are already struggling resonates with my belief in equal opportunity for all groups to succeed. 

However, I also recognize the urgency of addressing climate change and the need for sustainable practices. The concept of a carbon fee and dividend seems to aim at balancing environmental responsibility with economic fairness by returning some of the revenue to the public. I appreciate that approach, but I am wary of how effective it would be in practice and whether it would genuinely alleviate the financial burden on families. 

The message suggests a strong opposition to any form of climate taxation, which makes me think about the broader implications of energy policy on our communities and the environment. While I value the input of local voices, I also believe in the importance of addressing climate issues. It’s a complex situation that requires careful consideration of both economic and environmental factors. I find myself torn between wanting to support policies that promote sustainability while ensuring that they do not unduly harm those who are already vulnerable."
612.0,1,C,ClimatePolicyID(5),"Reading my peers' messages about the carbon tax and its potential to redistribute revenue to the public gives me pause for thought. I resonate with the idea that it could serve a dual purpose of addressing climate change and economic inequality. It reflects my own belief that policies should strive for equal opportunity and support vulnerable households. However, I share their concerns about the implementation and effectiveness of such a policy. There's a real risk that it could become another financial burden for families if not designed carefully. I wonder how we can ensure that the support truly reaches those who need it without complicating the situation further. Balancing economic fairness with the urgent need for environmental action remains a complex challenge that needs careful consideration."
612.0,2,P-B,ClimatePolicyID(1),"Reading this message certainly raises some important points, particularly about the balance between energy needs and environmental considerations. While I understand the concerns about rising energy bills and the impact of wind farms on our countryside, I also recognize the necessity of transitioning to renewable energy sources to mitigate climate change. The idea of energy sovereignty is appealing, but I wonder if relying on traditional energy sources like oil and fracking is a sustainable long-term solution or if it merely addresses immediate concerns without considering future consequences. 

I appreciate the sentiment of prioritizing hardworking families, but there seems to be a disconnect between the push for renewables and the immediate economic pressures people are facing. I am open to the idea that we may need to explore a mix of energy solutions that include renewables while also ensuring that people aren’t disproportionately burdened by costs. It's a complex issue, and I think it's crucial to find a path that addresses both our energy needs and our environmental responsibilities without sacrificing our beautiful landscapes."
612.0,2,C,ClimatePolicyID(1),"Reading my peers' reflections on government policies for accelerating renewable energy production resonates with my own thoughts on the topic. I appreciate the emphasis on the potential benefits for the environment and cost savings, which is a perspective I share. However, I also echo the concern about the impact on our countryside, which I hold dear. It’s clear that there’s a need for a balanced approach that prioritizes sustainability without disregarding the immediate economic pressures that families face. 

The mention of ensuring that lower-income households are not disproportionately affected is particularly relevant to me, as I believe in equal opportunities for all groups. I wonder how we can achieve a transition to renewable energy that is both environmentally responsible and economically viable. It seems like a complex balancing act, and I think further discussions are necessary to explore how we can address these concerns effectively."
612.0,3,P-B,ClimatePolicyID(5),"Receiving this message makes me reflect on the complexities of implementing a carbon tax, especially regarding its impact on working-class families like my own. While I understand the importance of addressing climate change, the concern about the financial burden it could place on households is significant. The idea of a carbon fee and dividend sounds appealing in theory, as it promises to return the tax revenues to the public, but I share the skepticism expressed in the message about whether it would actually work out that way.

I also appreciate the viewpoint that emphasizes energy independence and the potential for economic growth through deregulation. However, I worry about the environmental implications of prioritizing immediate economic benefits over long-term sustainability. Balancing the need for environmental action with the financial realities faced by families is crucial. I feel torn between wanting to support measures that protect the environment and ensuring that those measures don't disproportionately burden everyday people. It’s a delicate balance that requires careful consideration and perhaps more dialogue about the best path forward."
612.0,3,C,ClimatePolicyID(5),"Reading my peer's perspective on a carbon tax and the carbon fee and dividend approach resonates with my own cautious approach to the idea. I appreciate the emphasis on holding corporations accountable while also providing financial relief to families, which is a vital consideration. The concern about transparency and effectiveness in implementation strikes a chord with me, as I share the sentiment that without proper oversight, the intended benefits could easily be undermined. It makes me reflect on how critical it is to ensure that such policies are designed in a way that truly supports those who are struggling with rising costs, rather than adding to their burdens. Overall, their message reinforces my belief that any environmental policy should consider the economic realities faced by everyday families, prompting me to think more deeply about how these policies can be structured to achieve that balance."
